month,product_category_name,revenue,orders,avg_price,avg_freight
2016-09,beleza_saude,19435.68000000004,1,44.990000000000094,2.830000000000003
2016-10,fashion_bolsas_e_acessorios,53755.1999999999,7,46.662499999999916,16.210000000000036
2016-10,relogios_presentes,390394.0799999998,4,677.7674999999996,20.66
2016-10,consoles_games,521187.84000000067,7,517.0514285714293,23.714285714285708
2016-10,unknown,9488.159999999983,2,32.94499999999994,15.014999999999999
2016-10,alimentos,11505.59999999997,1,79.89999999999979,16.329999999999966
2016-10,telefonia,32873.759999999966,7,28.53624999999997,13.245000000000013
2016-10,esporte_lazer,289749.6,17,118.36176470588234,28.153529411764698
2016-10,beleza_saude,495251.99999999953,36,85.98124999999992,18.675999999999995
2016-10,fraldas_higiene,19425.600000000002,1,134.9,16.089999999999986
2016-10,brinquedos,591335.9999999998,22,171.1041666666666,20.209583333333324
2016-10,climatizacao,194297.7599999999,4,168.6612499999999,19.289999999999953
2016-10,fashion_calcados,4318.559999999984,1,29.98999999999989,10.960000000000022
2016-10,bebes,197448.48000000019,9,124.6518181818183,13.307272727272737
2016-10,cool_stuff,150638.40000000002,7,149.44285714285718,27.254285714285768
2016-10,utilidades_domesticas,185338.08000000057,9,107.25583333333367,21.289166666666656
2016-10,pet_shop,99313.92000000006,4,172.4200000000001,21.544999999999998
2016-10,moveis_decoracao,819434.8799999995,49,87.54646153846149,18.597384615384588
2016-10,informatica_acessorios,96338.87999999995,12,55.75166666666664,16.06833333333333
2016-10,cama_mesa_banho,68974.56000000007,5,59.87375000000006,15.948749999999986
2016-10,automotivo,162469.44000000012,8,141.0325000000001,27.876249999999985
2016-10,moveis_escritorio,187326.72000000015,6,216.8133333333335,47.7783333333333
2016-10,market_place,131801.7600000008,5,83.20818181818233,20.605454545454318
2016-10,audio,22606.559999999987,2,78.49499999999995,13.019999999999998
2016-10,fashion_roupa_masculina,3585.6000000000085,1,24.90000000000006,10.960000000000022
2016-10,ferramentas_jardim,195822.72000000006,5,271.97600000000006,21.06199999999999
2016-10,eletronicos,15550.559999999974,1,107.98999999999982,11.79999999999997
2016-10,perfumaria,695390.4000000013,26,166.52068965517273,16.762068965517248
2016-10,industria_comercio_e_negocios,51782.400000000045,3,89.90000000000008,18.490000000000006
2016-10,fashion_roupa_feminina,7905.599999999979,1,54.89999999999986,14.730000000000015
2016-10,telefonia_fixa,101502.72000000012,5,140.97600000000017,13.914000000000012
2016-12,fashion_bolsas_e_acessorios,1569.600000000003,1,10.900000000000022,8.72000000000002
2017-01,esporte_lazer,1326548.1600000001,57,124.48837837837839,20.848783783783812
2017-01,beleza_saude,1780767.360000001,79,150.8102439024391,17.51658536585366
2017-01,ferramentas_jardim,1075240.8000000005,36,138.27685185185192,18.17388888888888
2017-01,automotivo,694084.3199999994,27,155.4848387096773,18.26935483870964
2017-01,bebes,895374.72,31,155.447,18.10150000000004
2017-01,moveis_sala,178833.6000000004,8,124.19000000000028,27.731999999999957
2017-01,eletrodomesticos_2,276016.32000000007,6,273.82571428571435,16.41714285714286
2017-01,moveis_quarto,10540.800000000008,8,9.150000000000007,9.445000000000018
2017-01,moveis_escritorio,166802.39999999964,6,144.7937499999997,22.928749999999958
2017-01,eletroportateis,239153.75999999995,6,276.7983333333333,21.243333333333332
2017-01,livros_interesse_geral,33824.15999999996,2,117.44499999999987,18.33000000000004
2017-01,agro_industria_e_comercio,9499.679999999948,2,21.989999999999878,13.929999999999966
2017-01,seguros_e_servicos,26393.760000000086,1,183.2900000000006,25.769999999999985
2017-01,fashion_roupa_feminina,11131.199999999988,2,38.649999999999956,12.754999999999999
2017-01,utilidades_domesticas,407171.5199999998,21,100.98499999999994,15.79214285714287
2017-01,eletronicos,88848.00000000004,11,56.09090909090912,14.129999999999999
2017-01,casa_conforto_2,10483.19999999998,2,36.399999999999935,11.384999999999993
2017-01,market_place,59636.159999999945,5,82.82799999999992,18.044000000000004
2017-01,dvds_blu_ray,4291.200000000013,1,14.900000000000043,9.0
2017-01,moveis_cozinha_area_de_servico_jantar_e_jardim,15840.0,1,110.0,18.199999999999985
2017-01,telefonia_fixa,97505.28,19,30.778181818181817,13.292727272727268
2017-01,fashion_bolsas_e_acessorios,240763.67999999988,30,47.7705714285714,13.275428571428584
2017-01,moveis_decoracao,1877274.7199999997,132,73.65327683615818,15.973446327683595
2017-01,unknown,230924.15999999995,10,133.63666666666663,16.257500000000007
2017-01,consoles_games,650079.3600000008,19,214.97333333333358,18.918571428571425
2017-01,malas_acessorios,70919.99999999996,4,98.49999999999994,14.575999999999986
2017-01,pet_shop,115073.28000000007,12,57.080000000000034,14.090714285714299
2017-01,fashion_underwear_e_moda_praia,19764.0,2,68.625,16.95000000000002
2017-01,instrumentos_musicais,48922.55999999997,1,339.7399999999998,18.0
2017-01,pcs,316798.55999999936,1,2199.9899999999957,18.0
2017-01,brinquedos,657819.3599999999,41,111.4192682926829,17.63585365853659
2017-01,telefonia,108855.36,17,34.36090909090909,16.92409090909091
2017-01,cool_stuff,987389.2799999991,30,185.32081081081063,20.166216216216228
2017-01,musica,2851.200000000004,2,9.900000000000013,8.72000000000002
2017-01,perfumaria,736214.400000001,29,150.37058823529432,15.923823529411749
2017-01,informatica_acessorios,565076.1599999998,24,126.58516129032253,14.627741935483868
2017-01,cama_mesa_banho,547827.8399999996,43,82.7034782608695,18.113913043478256
2017-01,alimentos,6166.079999999999,2,21.409999999999997,18.0
2017-01,papelaria,224926.56000000084,7,111.5707142857147,13.758571428571422
2017-01,relogios_presentes,1164458.8799999997,11,735.1381818181816,20.391818181818184
2017-01,fashion_roupa_masculina,18273.599999999988,1,126.89999999999992,32.21000000000003
2017-01,climatizacao,95572.80000000028,3,165.9250000000005,18.66499999999997
2017-01,fashion_calcados,5025.599999999998,1,34.899999999999984,14.109999999999955
2017-02,eletronicos,175514.39999999994,14,64.14999999999998,17.718421052631598
2017-02,automotivo,1779664.3199999991,75,148.90096385542162,23.407831325301192
2017-02,telefonia,963840.9599999996,95,63.14471698113205,15.81415094339623
2017-02,relogios_presentes,1582904.160000001,32,333.1027272727275,16.115454545454558
2017-02,ferramentas_jardim,1689785.280000001,60,170.06695652173923,21.10594202898552
2017-02,market_place,226687.68000000023,17,78.71100000000008,18.411500000000018
2017-02,papelaria,337161.6000000003,19,123.23157894736855,16.03315789473684
2017-02,audio,23587.200000000015,5,32.76000000000002,16.810000000000006
2017-02,tablets_impressao_imagem,114048.0,8,99.0,18.564999999999966
2017-02,alimentos,97449.12000000008,8,84.59125000000007,24.815000000000023
2017-02,moveis_cozinha_area_de_servico_jantar_e_jardim,20145.600000000006,2,69.95000000000002,19.21500000000001
2017-02,casa_construcao,100166.40000000033,3,173.90000000000057,17.242499999999993
2017-02,construcao_ferramentas_seguranca,54576.0,1,379.0,17.859999999999992
2017-02,livros_tecnicos,22896.0,1,159.0,23.40000000000006
2017-02,eletrodomesticos_2,2302.5599999999977,1,15.989999999999984,14.119999999999948
2017-02,unknown,1227687.8399999996,51,151.79127596439164,18.265370919881267
2017-02,cama_mesa_banho,2242386.7199999993,140,99.18554140127385,18.41133757961783
2017-02,fashion_underwear_e_moda_praia,57163.67999999994,6,49.62124999999995,13.85749999999998
2017-02,moveis_decoracao,2869403.04,213,77.53466926070038,19.78128404669261
2017-02,eletroportateis,1044227.5200000005,25,258.9850000000001,27.523928571428556
2017-02,consoles_games,618446.8800000006,18,238.59833333333356,19.066111111111113
2017-02,moveis_escritorio,1561821.1199999987,52,174.93516129032244,32.443709677419385
2017-02,fashion_calcados,15415.199999999946,2,35.68333333333321,16.77333333333341
2017-02,fashion_bolsas_e_acessorios,312524.63999999984,32,60.28638888888886,15.037222222222226
2017-02,pcs,511056.0,1,3549.0,53.47000000000007
2017-02,moveis_quarto,64800.0,1,450.0,51.88000000000009
2017-02,construcao_ferramentas_construcao,48497.760000000024,3,112.26333333333339,18.92666666666671
2017-02,industria_comercio_e_negocios,17136.0,1,119.0,15.940000000000042
2017-02,informatica_acessorios,1629948.96,92,113.1909,16.956199999999995
2017-02,beleza_saude,3176628.480000004,143,143.24623376623396,20.24935064935066
2017-02,cool_stuff,1794179.9999999993,69,180.1385542168674,21.630265060240962
2017-02,malas_acessorios,238923.35999999984,19,82.95949999999995,21.373000000000008
2017-02,climatizacao,346363.2000000004,11,218.66363636363664,25.730909090909087
2017-02,moveis_sala,490988.16000000143,12,162.36380952381,45.86190476190484
2017-02,instrumentos_musicais,319864.32000000007,8,246.80888888888893,27.107777777777788
2017-02,dvds_blu_ray,2145.600000000006,1,14.900000000000041,20.800000000000036
2017-02,fashion_roupa_feminina,52401.59999999999,3,121.29999999999998,16.90000000000002
2017-02,brinquedos,1350708.9599999988,62,141.76206549118376,17.910075566750635
2017-02,esporte_lazer,2250717.120000001,134,104.89919463087253,19.395369127516783
2017-02,utilidades_domesticas,1627464.960000001,62,163.40009638554227,19.05291566265061
2017-02,pet_shop,516221.2799999999,36,91.91974358974358,18.72307692307695
2017-02,perfumaria,1160212.3200000017,48,163.87179661016972,16.02064406779661
2017-02,telefonia_fixa,109329.12000000042,18,34.51045454545468,16.620909090909112
2017-02,eletrodomesticos,106689.6,7,105.84285714285714,16.357142857142883
2017-02,bebes,408611.5200000001,31,88.67437500000001,18.905625000000008
2017-02,casa_conforto,59711.03999999999,3,138.22,18.870000000000022
2017-02,agro_industria_e_comercio,32376.959999999905,7,32.119999999999905,15.179999999999984
2017-02,livros_interesse_geral,111270.23999999995,8,96.58874999999995,22.16375
2017-02,fashion_roupa_masculina,78616.79999999999,6,90.99166666666666,16.506666666666643
2017-02,construcao_ferramentas_jardim,83517.12000000017,1,289.9900000000006,22.350000000000094
2017-02,cine_foto,8496.0,1,59.0,36.23999999999987
2017-03,moveis_escritorio,1554314.3999999992,58,145.86283783783776,31.87608108108111
2017-03,moveis_cozinha_area_de_servico_jantar_e_jardim,16413.119999999966,3,37.993333333333254,18.356666666666708
2017-03,casa_conforto,305769.59999999986,12,163.33846153846147,19.799230769230753
2017-03,telefonia_fixa,192016.80000000016,14,66.67250000000006,15.540000000000058
2017-03,fashion_roupa_masculina,83635.19999999995,7,64.5333333333333,15.617777777777786
2017-03,fashion_underwear_e_moda_praia,56756.15999999999,6,65.68999999999998,11.079999999999991
2017-03,construcao_ferramentas_construcao,5601.599999999993,1,38.89999999999995,14.519999999999985
2017-03,fashion_esporte,5745.599999999991,1,39.89999999999994,14.109999999999955
2017-03,livros_interesse_geral,364890.24000000017,19,105.58166666666672,17.389166666666632
2017-03,ferramentas_jardim,3385261.4400000013,117,161.0189041095891,21.90568493150684
2017-03,audio,163406.8799999999,13,81.05499999999995,16.616428571428575
2017-03,perfumaria,2821174.560000005,103,186.88225755166965,16.905294117647056
2017-03,instrumentos_musicais,240095.5200000001,9,166.73300000000006,22.018000000000043
2017-03,telefonia,1134305.2799999989,153,47.74012121212117,15.085030303030315
2017-03,bebes,517288.31999999995,41,85.53047619047618,17.07333333333333
2017-03,fashion_calcados,218160.00000000035,13,108.2142857142859,16.512857142857122
2017-03,relogios_presentes,3584502.7200000025,74,315.0934177215192,15.948860759493682
2017-03,eletronicos,573983.9999999997,32,107.72972972972967,18.085405405405414
2017-03,alimentos,347423.04000000027,19,114.88857142857152,19.873809523809538
2017-03,eletrodomesticos,45115.19999999999,9,31.32999999999999,15.29500000000002
2017-03,climatizacao,590948.6399999992,16,241.40058823529378,16.867647058823554
2017-03,fashion_roupa_feminina,2865.6000000000076,1,19.900000000000052,10.960000000000022
2017-03,sinalizacao_e_seguranca,10800.0,1,75.0,16.230000000000015
2017-03,eletroportateis,1608632.6399999997,31,360.3567741935483,27.660967741935504
2017-03,fashion_bolsas_e_acessorios,689235.8399999996,60,72.52060606060601,15.1989393939394
2017-03,moveis_decoracao,3187219.6800000016,253,70.26498412698416,17.95844444444444
2017-03,esporte_lazer,3668096.160000001,164,134.0678421052632,20.370421052631592
2017-03,utilidades_domesticas,1857666.2399999995,170,65.87468936170211,18.069617021276596
2017-03,malas_acessorios,853057.4400000006,35,155.89500000000012,38.27315789473687
2017-03,papelaria,849977.2799999998,56,105.40392857142855,19.504821428571436
2017-03,cool_stuff,2963281.920000001,116,174.63943422913724,18.75595473833098
2017-03,pet_shop,1186568.6399999992,40,187.27409090909077,17.460000000000004
2017-03,automotivo,1914661.6800000002,68,170.10142857142858,26.031940298507475
2017-03,informatica_acessorios,4043347.2000000104,147,164.20350877193025,18.759824561403523
2017-03,alimentos_bebidas,12355.200000000015,4,21.450000000000028,11.782500000000011
2017-03,bebidas,66797.28000000007,4,92.7740000000001,20.911999999999995
2017-03,dvds_blu_ray,65332.80000000002,3,113.42500000000003,17.875000000000014
2017-03,musica,4030.559999999985,1,27.989999999999895,14.519999999999985
2017-03,industria_comercio_e_negocios,34272.0,2,119.0,22.01499999999995
2017-03,artes,25142.400000000038,4,43.65000000000006,20.09999999999998
2017-03,agro_industria_e_comercio,11806.559999999978,2,40.99499999999992,14.350000000000003
2017-03,cama_mesa_banho,3617904.480000001,240,89.99762388059703,16.97128358208955
2017-03,unknown,933720.2399999991,55,108.06947222222212,16.699833333333345
2017-03,beleza_saude,3695630.400000002,191,123.28630904723785,18.32144915932745
2017-03,consoles_games,1416101.7600000007,45,209.23489361702138,19.820212765957454
2017-03,brinquedos,1773084.4799999981,99,120.91410801963981,18.695646481178393
2017-03,livros_tecnicos,10800.0,2,37.5,14.37000000000002
2017-03,market_place,260436.96000000017,17,106.3876470588236,15.727647058823532
2017-03,moveis_sala,478656.0000000011,17,138.5000000000003,29.652916666666687
2017-03,tablets_impressao_imagem,71280.0,5,99.0,18.58199999999997
2017-03,casa_construcao,85242.24000000021,5,59.19600000000015,12.672999999999991
2017-03,casa_conforto_2,49374.72000000008,3,114.29333333333352,16.003333333333355
2017-03,eletrodomesticos_2,72129.6,2,250.45000000000002,33.76499999999997
2017-04,relogios_presentes,3360396.9600000028,88,245.64305263157914,17.077789473684234
2017-04,consoles_games,543294.7199999996,15,221.93411764705866,17.642352941176476
2017-04,construcao_ferramentas_jardim,214590.23999999973,7,186.27624999999978,23.79499999999997
2017-04,eletronicos,694402.5599999985,47,100.46333333333313,16.442708333333332
2017-04,livros_importados,2878.5599999999918,1,19.98999999999994,13.440000000000039
2017-04,fashion_calcados,219816.00000000006,20,66.36956521739133,18.255217391304342
2017-04,telefonia_fixa,72839.51999999997,6,84.30499999999996,16.006666666666653
2017-04,artes,17265.599999999977,1,119.89999999999984,27.269999999999985
2017-04,moveis_cozinha_area_de_servico_jantar_e_jardim,148809.59999999992,8,114.82222222222217,27.63333333333332
2017-04,artigos_de_natal,9936.0,1,69.0,24.969999999999928
2017-04,casa_conforto_2,1857.6000000000047,1,12.900000000000032,10.960000000000022
2017-04,sinalizacao_e_seguranca,18440.639999999992,3,42.686666666666646,18.529999999999987
2017-04,beleza_saude,3188835.3600000017,168,123.14007414272481,18.32521779425394
2017-04,instrumentos_musicais,549853.9200000002,16,238.65187500000008,18.490000000000006
2017-04,perfumaria,2798857.4400000046,97,192.44069306930726,16.717326732673268
2017-04,cool_stuff,3009944.1600000015,112,183.35429824561413,21.54552631578947
2017-04,livros_interesse_geral,132966.71999999988,12,76.94833333333327,18.28416666666666
2017-04,automotivo,2178142.3200000003,77,180.4292842942346,25.790218687872752
2017-04,telefonia,1027287.3599999998,138,50.23901408450703,15.744014084507047
2017-04,climatizacao,358881.1199999998,13,166.14866666666657,17.072666666666667
2017-04,market_place,582520.3200000004,19,212.90947368421067,22.828421052631555
2017-04,fashion_roupa_feminina,9345.599999999975,1,64.89999999999982,22.840000000000032
2017-04,alimentos_bebidas,6897.600000000006,2,15.966666666666681,10.960000000000026
2017-04,construcao_ferramentas_ferramentas,104976.0,1,729.0,19.269999999999985
2017-04,livros_tecnicos,10800.0,1,75.0,11.92000000000002
2017-04,cama_mesa_banho,3468754.560000004,231,88.94242461538471,17.00552615384617
2017-04,utilidades_domesticas,1795993.9200000013,134,73.79988165680479,18.21053254437871
2017-04,moveis_decoracao,2766417.120000001,162,100.58235602094244,21.227120418848166
2017-04,ferramentas_jardim,2541445.920000001,93,163.41601851851857,22.03203703703704
2017-04,audio,135676.8000000001,9,85.65454545454553,14.704545454545435
2017-04,casa_conforto,347198.39999999985,16,141.8294117647058,17.75588235294117
2017-04,malas_acessorios,1021003.200000001,46,147.71458333333348,30.802291666666687
2017-04,papelaria,655407.36,35,130.04114285714286,16.24428571428571
2017-04,fashion_bolsas_e_acessorios,445809.5999999999,44,64.49791666666665,15.330833333333342
2017-04,alimentos,70747.19999999998,8,61.41249999999999,14.981249999999985
2017-04,fashion_underwear_e_moda_praia,13376.159999999985,3,30.9633333333333,13.35999999999999
2017-04,pc_gamer,37437.12000000001,2,129.99000000000004,14.875
2017-04,dvds_blu_ray,206625.6,2,717.45,15.71999999999997
2017-04,pet_shop,891797.7599999993,47,121.03661237785008,18.49609120521171
2017-04,unknown,1212003.6,61,122.27639225181599,21.152615012106555
2017-04,esporte_lazer,3311576.640000001,184,113.28600985221678,19.609014778325122
2017-04,eletroportateis,3328557.12,20,1155.749,40.165499999999966
2017-04,brinquedos,1877677.9200000016,103,115.39318584070806,17.204867256637147
2017-04,bebes,565999.2,47,78.61099999999999,17.20240000000001
2017-04,informatica_acessorios,2642898.240000001,116,139.04136363636368,18.26825757575759
2017-04,moveis_escritorio,1355227.2000000002,48,162.2637931034483,30.21948275862069
2017-04,moveis_sala,298560.9600000002,11,172.77833333333345,37.7308333333334
2017-04,moveis_colchao_e_estofado,15753.599999999964,1,109.39999999999975,21.400000000000055
2017-04,eletrodomesticos,71913.59999999995,9,49.93999999999996,13.616999999999999
2017-04,fashion_roupa_masculina,52832.16000000003,5,73.37800000000004,14.100000000000021
2017-04,tablets_impressao_imagem,160254.7200000001,9,101.17090909090915,18.122727272727275
2017-04,la_cuisine,3456.0,1,24.0,10.809999999999965
2017-04,fashion_esporte,27328.31999999993,4,47.44499999999988,13.672500000000015
2017-04,casa_construcao,230787.36000000025,5,320.53800000000035,18.84999999999998
2017-04,cine_foto,16992.0,2,59.0,24.154999999999987
2017-04,moveis_quarto,90573.12000000017,3,209.6600000000004,67.45999999999987
2017-04,eletrodomesticos_2,115171.20000000027,2,399.90000000000094,73.58499999999984
2017-04,musica,8611.200000000006,2,29.90000000000002,14.519999999999985
2017-05,esporte_lazer,4910649.119999999,256,111.8089508196721,19.167934426229507
2017-05,moveis_escritorio,1210093.920000003,42,150.06125000000037,28.862142857142928
2017-05,bebes,1286455.6799999995,96,87.5854901960784,17.409999999999997
2017-05,unknown,1559278.5599999996,83,118.77502742230344,18.530987202925036
2017-05,beleza_saude,6674574.239999997,262,163.11276246334305,20.82444574780059
2017-05,papelaria,806425.9199999998,60,87.50281249999998,16.62312499999999
2017-05,moveis_cozinha_area_de_servico_jantar_e_jardim,187845.12,9,144.94222222222223,36.970000000000006
2017-05,moveis_decoracao,3213005.7600000007,226,82.33409594095943,21.27461254612546
2017-05,fashion_bolsas_e_acessorios,1035647.9999999986,91,69.15384615384606,14.944134615384618
2017-05,construcao_ferramentas_jardim,208416.9599999997,5,206.76285714285686,26.57000000000001
2017-05,automotivo,2521737.6,100,154.7458026509573,24.11780559646539
2017-05,pet_shop,1172717.2799999996,67,111.55986301369859,20.48002283105022
2017-05,agro_industria_e_comercio,227511.36000000016,4,394.9850000000003,45.95000000000004
2017-05,artes_e_artesanato,3166.5599999999895,1,21.989999999999927,7.669999999999989
2017-05,tablets_impressao_imagem,218157.12000000032,7,216.4257142857146,13.148571428571437
2017-05,construcao_ferramentas_construcao,14398.559999999974,1,99.98999999999982,49.409999999999904
2017-05,la_cuisine,27792.0,1,193.0,39.18999999999992
2017-05,eletronicos,885471.8399999995,59,94.60169230769226,17.53246153846155
2017-05,informatica_acessorios,6445352.160000002,253,144.85239482200652,17.94087378640778
2017-05,sinalizacao_e_seguranca,73274.39999999997,3,127.21249999999993,66.77249999999975
2017-05,telefonia,1273592.1599999985,196,41.32892523364481,15.066074766355133
2017-05,malas_acessorios,1805705.2799999982,64,179.1374285714284,33.14957142857145
2017-05,market_place,356685.12000000017,21,112.59000000000006,17.377272727272725
2017-05,industria_comercio_e_negocios,74851.20000000014,2,259.9000000000005,16.20999999999999
2017-05,pc_gamer,18718.560000000005,1,129.99000000000004,8.160000000000002
2017-05,livros_tecnicos,37727.999999999985,3,87.3333333333333,18.153333333333332
2017-05,climatizacao,131741.2800000001,6,130.69571428571436,21.940000000000023
2017-05,fashion_roupa_masculina,87681.59999999966,3,152.2249999999994,16.82749999999999
2017-05,utilidades_domesticas,3077985.6000000024,259,70.77781456953647,17.322483443708595
2017-05,fashion_calcados,240413.7600000002,22,75.88818181818189,15.697727272727251
2017-05,relogios_presentes,5273205.12,120,283.8719379844961,17.867441860465107
2017-05,cool_stuff,4682869.920000005,232,134.75109116022114,19.586415745856357
2017-05,moveis_sala,645040.8000000003,27,139.98281250000005,38.631250000000016
2017-05,fashion_roupa_feminina,52919.999999999956,4,91.87499999999993,12.024999999999984
2017-05,fashion_underwear_e_moda_praia,40824.0,6,40.5,12.25142857142856
2017-05,instrumentos_musicais,1388079.3599999992,18,481.9719999999997,23.176999999999982
2017-05,eletroportateis,754767.36,16,291.1911111111111,26.994999999999987
2017-05,fashion_esporte,17976.959999999952,3,41.61333333333322,18.21333333333332
2017-05,livros_interesse_geral,265186.0799999999,19,92.07849999999996,17.87999999999998
2017-05,dvds_blu_ray,12902.400000000029,4,22.40000000000005,15.250000000000044
2017-05,artes,997523.9999999999,6,1154.5416666666665,62.58333333333329
2017-05,alimentos_bebidas,49750.56000000002,10,28.790833333333346,12.683333333333348
2017-05,casa_construcao,233352.00000000012,5,231.5000000000001,15.871428571428595
2017-05,fashion_roupa_infanto_juvenil,15840.0,1,110.0,14.519999999999985
2017-05,bebidas,12960.0,1,90.0,22.94999999999995
2017-05,cine_foto,8496.0,1,59.0,32.71000000000003
2017-05,perfumaria,2879456.400000004,133,139.6709545983704,15.773073341094301
2017-05,brinquedos,3193812.000000002,192,113.15943877551027,17.396122448979593
2017-05,cama_mesa_banho,4709397.599999996,325,90.50964022140214,17.27069649446495
2017-05,telefonia_fixa,64199.52,9,49.53666666666666,14.576666666666664
2017-05,ferramentas_jardim,2933650.080000001,121,147.62731884057976,24.09007246376814
2017-05,consoles_games,361036.8,26,86.45517241379311,15.173793103448272
2017-05,casa_conforto,736426.0800000001,32,146.11628571428574,16.30114285714286
2017-05,moveis_quarto,341275.6800000001,6,263.3300000000001,32.10888888888885
2017-05,eletrodomesticos_2,188071.20000000013,7,186.57857142857156,40.202857142857184
2017-05,audio,299689.9199999999,17,122.42235294117644,14.824117647058822
2017-05,alimentos,55857.60000000002,3,129.30000000000004,21.450000000000063
2017-05,eletrodomesticos,275441.76,28,68.31392857142858,16.36571428571427
2017-05,construcao_ferramentas_ferramentas,115761.59999999998,2,401.94999999999993,15.20000000000001
2017-05,moveis_colchao_e_estofado,85808.1599999999,3,198.62999999999977,45.33000000000005
2017-06,fashion_roupa_feminina,22291.199999999983,3,51.59999999999996,14.833333333333334
2017-06,ferramentas_jardim,2224380.96,98,140.4280909090909,24.070000000000014
2017-06,esporte_lazer,4619553.120000001,246,119.10976485148518,22.142512376237605
2017-06,cama_mesa_banho,4864849.919999999,324,91.63746835443037,17.155610307414122
2017-06,pet_shop,737362.0799999996,60,81.49448275862065,18.825755968169762
2017-06,consoles_games,764500.3199999993,26,183.06999999999982,18.975517241379315
2017-06,cool_stuff,5487064.3199999975,196,191.16026755852835,22.315744147157183
2017-06,market_place,181288.79999999973,15,78.68437499999987,14.556875000000007
2017-06,bebes,1132522.5599999991,72,100.82999999999993,17.862948717948704
2017-06,casa_conforto,405820.7999999999,17,165.77647058823524,16.577647058823533
2017-06,moveis_sala,246715.20000000022,12,114.2200000000001,35.30733333333331
2017-06,livros_interesse_geral,276793.9200000001,19,96.10900000000004,19.157999999999962
2017-06,fashion_esporte,67751.99999999996,5,94.09999999999994,19.380000000000027
2017-06,construcao_ferramentas_construcao,54197.27999999988,4,47.0462499999999,12.36750000000003
2017-06,artes,28843.199999999968,4,50.074999999999946,21.26250000000002
2017-06,moveis_escritorio,1048194.7200000007,45,145.5826000000001,36.33340000000006
2017-06,perfumaria,3447382.3200000008,140,161.9401691093574,16.20251409244645
2017-06,beleza_saude,4566642.240000002,234,124.7716459016394,20.341829508196714
2017-06,utilidades_domesticas,3309702.240000001,281,71.56422418266739,18.906933056564622
2017-06,eletrodomesticos,361035.3599999999,42,58.3067441860465,14.800232558139532
2017-06,unknown,704508.0000000002,50,84.59510086455334,15.461700288184419
2017-06,industria_comercio_e_negocios,39883.68000000001,2,138.485,32.599999999999945
2017-06,eletrodomesticos_2,174797.28000000026,6,202.31166666666698,36.86666666666669
2017-06,musica,153633.59999999998,4,266.72499999999997,18.55499999999999
2017-06,telefonia_fixa,134448.47999999995,12,77.80583333333331,17.313333333333308
2017-06,moveis_quarto,44494.559999999976,2,154.49499999999992,21.345000000000013
2017-06,dvds_blu_ray,18243.359999999997,4,31.672499999999996,18.262500000000014
2017-06,bebidas,7198.559999999978,1,49.989999999999846,19.210000000000026
2017-06,climatizacao,300165.1200000001,9,189.49818181818188,18.549090909090864
2017-06,portateis_casa_forno_e_cafe,10353.599999999971,1,71.8999999999998,16.75
2017-06,fashion_underwear_e_moda_praia,561.5999999999985,1,3.8999999999999897,15.099999999999959
2017-06,artigos_de_natal,26596.799999999937,2,61.56666666666652,20.516666666666712
2017-06,alimentos,21585.600000000024,1,149.90000000000018,21.889999999999983
2017-06,sinalizacao_e_seguranca,19296.0,1,134.0,52.949999999999875
2017-06,telefonia,944889.1199999991,148,41.794458598726074,15.105350318471325
2017-06,informatica_acessorios,5211892.799999999,212,142.49488188976375,17.692519685039382
2017-06,eletronicos,296645.75999999983,39,50.24487804878046,15.01609756097559
2017-06,moveis_cozinha_area_de_servico_jantar_e_jardim,53971.19999999997,4,93.69999999999995,41.947500000000026
2017-06,brinquedos,2211726.9600000014,151,98.35143009605129,17.391985058697987
2017-06,instrumentos_musicais,718999.2000000004,17,249.65250000000015,26.11349999999998
2017-06,casa_construcao,286891.2000000011,4,249.03750000000096,18.60999999999982
2017-06,papelaria,503074.0799999999,37,91.93605263157893,17.95999999999999
2017-06,agro_industria_e_comercio,200160.0,1,1390.0,32.05000000000009
2017-06,alimentos_bebidas,8265.600000000008,2,28.700000000000028,12.689999999999966
2017-06,casa_conforto_2,1857.6000000000047,1,12.900000000000032,15.099999999999959
2017-06,livros_tecnicos,21009.599999999977,2,72.94999999999992,21.314999999999973
2017-06,fashion_roupa_infanto_juvenil,15840.0,1,110.0,8.960000000000019
2017-06,fashion_bolsas_e_acessorios,967986.7199999997,75,82.98925925925924,15.645308641975307
2017-06,automotivo,4222784.639999994,101,266.99447647951405,20.726206373292868
2017-06,moveis_decoracao,2399177.52,178,72.38648081100652,21.600412744388123
2017-06,relogios_presentes,3936618.720000004,113,229.72798319327754,15.832605042016802
2017-06,eletroportateis,1396628.6400000001,23,421.68739130434784,27.9769565217391
2017-06,malas_acessorios,1172475.3600000006,59,135.70316666666673,33.786
2017-06,fashion_roupa_masculina,74849.75999999982,7,57.7544444444443,18.892222222222227
2017-06,fashion_calcados,184230.71999999988,16,67.33578947368417,18.72473684210523
2017-06,audio,240624.0,11,151.9090909090909,13.385454545454534
2017-06,tablets_impressao_imagem,85536.0,6,99.0,14.195000000000016
2017-06,cine_foto,11376.0,1,79.0,33.90999999999993
2017-06,pc_gamer,18718.560000000005,1,129.99000000000004,26.190000000000044
2017-06,construcao_ferramentas_jardim,62595.36000000018,3,108.67250000000031,16.427499999999945
2017-06,livros_importados,14256.0,1,49.5,15.099999999999959
2017-07,moveis_decoracao,3453329.520000002,249,76.41462028677647,18.245910780669128
2017-07,utilidades_domesticas,2915380.320000002,220,74.7533415384616,16.991163076923083
2017-07,cama_mesa_banho,9041322.239999995,503,110.34615114235494,18.540210896309304
2017-07,brinquedos,3448582.8000000026,198,117.97286535303786,17.721100164203605
2017-07,relogios_presentes,4856986.080000004,152,207.99015416238453,16.233627954779028
2017-07,ferramentas_jardim,2728987.2000000007,153,102.99619565217394,21.50858695652174
2017-07,alimentos_bebidas,24220.800000000017,7,21.025000000000016,11.684999999999988
2017-07,consoles_games,779218.5600000004,45,115.13276595744686,18.169574468085102
2017-07,sinalizacao_e_seguranca,68531.03999999994,4,95.18199999999992,28.574000000000108
2017-07,moveis_quarto,155230.55999999997,4,269.49749999999995,72.66499999999996
2017-07,papelaria,994586.3999999996,72,89.6993506493506,16.992987012987008
2017-07,la_cuisine,67678.55999999998,4,117.49749999999997,22.30999999999997
2017-07,eletroportateis,516561.12000000017,30,115.71709677419359,23.315161290322575
2017-07,livros_interesse_geral,186105.59999999986,12,99.41538461538454,19.45230769230771
2017-07,moveis_sala,550961.2800000001,26,127.53733333333336,30.420333333333346
2017-07,fashion_roupa_masculina,103678.5599999999,8,79.99888888888881,15.59333333333332
2017-07,fashion_roupa_feminina,44740.799999999945,4,77.6749999999999,13.424999999999992
2017-07,fashion_calcados,184754.87999999998,18,67.52736842105263,17.036315789473676
2017-07,cds_dvds_musicais,32400.0,4,45.0,14.875999999999996
2017-07,casa_construcao,13478.399999999941,1,46.7999999999998,15.099999999999959
2017-07,artigos_de_natal,9372.959999999981,2,32.54499999999993,16.480000000000004
2017-07,moveis_colchao_e_estofado,15753.599999999964,1,109.39999999999975,69.12999999999994
2017-07,moveis_cozinha_area_de_servico_jantar_e_jardim,189575.9999999999,9,119.68181818181813,31.005454545454494
2017-07,unknown,427371.83999999956,52,51.169999999999945,15.078448275862057
2017-07,instrumentos_musicais,1048692.9600000004,26,242.7530000000001,24.92266666666666
2017-07,eletronicos,1046309.76,84,77.29829787234043,17.807021276595737
2017-07,fashion_underwear_e_moda_praia,39571.19999999995,3,91.5999999999999,13.226666666666674
2017-07,construcao_ferramentas_construcao,79119.36000000007,5,91.57333333333342,45.58833333333334
2017-07,agro_industria_e_comercio,169920.0,1,1180.0,19.469999999999963
2017-07,dvds_blu_ray,105523.20000000001,3,244.26666666666668,21.220000000000066
2017-07,bebidas,39451.68000000001,2,91.32333333333335,24.70333333333331
2017-07,telefonia,1303913.279999999,136,63.247636786961536,14.859511059371364
2017-07,perfumaria,1833731.9999999995,115,105.24173553719005,15.013140495867773
2017-07,casa_conforto,657194.3999999997,36,106.13604651162785,19.478604651162804
2017-07,cool_stuff,5275698.000000002,221,161.04084249084255,20.906351648351652
2017-07,fashion_bolsas_e_acessorios,729102.2399999992,80,58.87453488372086,14.56093023255813
2017-07,beleza_saude,4923693.600000003,270,111.13429035752986,17.386159263271917
2017-07,malas_acessorios,1196886.2399999995,72,113.85904109589036,26.456027397260268
2017-07,market_place,226566.7200000002,13,121.02923076923088,17.42846153846154
2017-07,alimentos,84119.03999999992,7,83.4514285714285,24.290000000000028
2017-07,livros_tecnicos,76032.0,2,264.0,26.440000000000005
2017-07,artes_e_artesanato,18705.599999999995,1,129.89999999999998,15.660000000000018
2017-07,construcao_ferramentas_jardim,50051.51999999988,7,43.4474999999999,15.72374999999997
2017-07,tablets_impressao_imagem,28512.0,2,99.0,10.815000000000035
2017-07,industria_comercio_e_negocios,35418.239999999976,2,122.97999999999992,53.1449999999999
2017-07,musica,47376.0,1,329.0,21.539999999999974
2017-07,fashion_esporte,10065.599999999973,1,69.8999999999998,7.779999999999979
2017-07,construcao_ferramentas_iluminacao,51840.0,1,360.0,41.449999999999896
2017-07,automotivo,1999706.3999999985,103,121.81447368421044,20.22719298245614
2017-07,esporte_lazer,5275513.679999996,329,97.6946977777777,19.413626666666662
2017-07,informatica_acessorios,5497375.680000005,268,119.30068750000011,18.039406250000003
2017-07,telefonia_fixa,32288.879999999896,9,24.461272727272647,14.436909090909097
2017-07,bebes,2226443.0400000005,121,123.69128000000003,19.885439999999992
2017-07,moveis_escritorio,2432535.840000004,97,146.89226086956546,38.03930434782609
2017-07,eletrodomesticos,528766.5600000003,37,99.24297297297302,17.951081081081075
2017-07,pet_shop,946939.6800000005,70,77.3643529411765,19.955176470588242
2017-07,artes,55692.0000000001,3,128.9166666666669,12.716666666666642
2017-07,audio,97011.36000000015,6,112.28166666666684,15.599999999999987
2017-07,climatizacao,201038.3999999999,5,279.21999999999986,19.40599999999998
2017-07,eletrodomesticos_2,148894.55999999997,7,147.7128571428571,38.98428571428565
2017-07,casa_conforto_2,1857.6000000000047,1,12.900000000000032,15.099999999999959
2017-07,artigos_de_festas,10065.599999999973,1,69.8999999999998,13.509999999999993
2017-08,moveis_decoracao,4844712.960000003,324,78.88356389214542,19.27331770222744
2017-08,cool_stuff,5507689.679999997,235,149.50297719869698,20.658403908794796
2017-08,perfumaria,1884254.4,117,103.03228346456693,14.93204724409449
2017-08,eletrodomesticos_2,530863.2000000003,15,245.77000000000015,44.58200000000001
2017-08,eletroportateis,618769.4399999996,32,119.36138888888881,15.032500000000002
2017-08,instrumentos_musicais,1048084.8,25,311.93,26.572142857142854
2017-08,livros_importados,8784.0,1,61.0,9.339999999999987
2017-08,sinalizacao_e_seguranca,54403.199999999975,4,94.44999999999996,16.417500000000015
2017-08,artigos_de_natal,8481.599999999979,1,58.89999999999985,17.980000000000015
2017-08,construcao_ferramentas_iluminacao,84816.0,2,294.5,40.98999999999994
2017-08,casa_conforto_2,5572.800000000022,2,12.90000000000005,10.403333333333293
2017-08,fashion_underwear_e_moda_praia,159983.99999999977,13,85.46153846153834,15.220769230769234
2017-08,cama_mesa_banho,8147610.719999997,442,111.81942687747032,17.880494071146245
2017-08,fashion_bolsas_e_acessorios,927200.1599999989,85,67.77778947368412,14.401263157894727
2017-08,papelaria,916835.0399999992,75,79.58637499999993,18.982375000000015
2017-08,alimentos_bebidas,71252.63999999984,12,32.98733333333326,15.609333333333302
2017-08,relogios_presentes,5204779.200000004,194,171.43541501976298,16.154450592885386
2017-08,bebes,2759054.400000002,120,150.86692913385838,23.877795275590557
2017-08,utilidades_domesticas,3373608.9600000037,245,83.67085714285723,18.568857142857137
2017-08,esporte_lazer,5857887.119999996,377,97.55340927258187,18.43182254196642
2017-08,livros_interesse_geral,327599.9999999999,27,84.25925925925922,15.016666666666655
2017-08,pcs,4696800.0,29,1157.9881656804735,39.189171597633184
2017-08,moveis_sala,356842.08,21,107.74217391304349,29.564782608695655
2017-08,construcao_ferramentas_construcao,169920.00000000023,6,168.5714285714288,30.618571428571467
2017-08,alimentos,52488.0,8,45.5625,16.966249999999985
2017-08,la_cuisine,45072.0,2,156.5,30.260000000000055
2017-08,livros_tecnicos,172278.72000000006,9,132.93111111111116,14.288888888888879
2017-08,ferramentas_jardim,3303489.120000002,195,98.31812857142863,19.65218571428571
2017-08,beleza_saude,7061670.719999992,339,139.25048745858953,17.758367250354944
2017-08,brinquedos,2555381.040000001,171,97.32560329067645,17.155804387568548
2017-08,unknown,715456.7999999996,64,66.24599999999997,16.457066666666666
2017-08,pet_shop,1501313.7600000007,75,117.1437078651686,19.134719101123583
2017-08,consoles_games,1159884.0000000012,79,95.88988095238105,17.782738095238084
2017-08,fashion_roupa_masculina,169208.63999999996,12,83.93285714285712,16.083571428571403
2017-08,dvds_blu_ray,16329.600000000044,6,18.900000000000052,19.738333333333372
2017-08,bebidas,17265.599999999962,2,59.94999999999987,14.434999999999981
2017-08,construcao_ferramentas_jardim,185211.3600000001,7,128.61900000000009,19.68099999999996
2017-08,artes,35236.79999999996,4,61.174999999999926,18.09
2017-08,cds_dvds_musicais,19440.0,2,45.0,14.053333333333343
2017-08,casa_construcao,17971.199999999953,1,124.79999999999967,16.630000000000063
2017-08,moveis_colchao_e_estofado,73352.1599999999,2,254.69499999999965,62.13500000000004
2017-08,eletrodomesticos,564674.3999999994,42,93.3654761904761,19.60833333333333
2017-08,malas_acessorios,941867.9999999995,58,105.21313672922247,26.65707774798926
2017-08,informatica_acessorios,4871011.679999997,290,99.19785923753659,16.779354838709686
2017-08,tablets_impressao_imagem,64928.15999999999,6,75.14833333333333,17.82166666666666
2017-08,fashion_calcados,214803.35999999996,18,67.8040909090909,16.576363636363613
2017-08,moveis_escritorio,1422339.840000002,46,170.29931034482783,43.30482758620689
2017-08,moveis_cozinha_area_de_servico_jantar_e_jardim,144892.8000000001,7,143.74285714285725,32.15571428571431
2017-08,telefonia,1523552.6400000004,128,80.15323232323234,16.94585858585858
2017-08,eletronicos,410997.6000000002,52,50.96696428571431,16.280535714285694
2017-08,automotivo,2724855.840000018,128,117.53173913043555,21.000248447204964
2017-08,market_place,278984.15999999986,22,84.23434782608692,18.414782608695614
2017-08,casa_conforto,576027.3599999996,24,142.8639285714285,19.14035714285715
2017-08,telefonia_fixa,480678.0000000003,14,168.3046218487396,14.8221008403362
2017-08,fashion_roupa_feminina,27172.799999999963,4,47.17499999999993,11.737500000000006
2017-08,climatizacao,615129.1200000016,12,284.7820000000008,19.450666666666674
2017-08,portateis_casa_forno_e_cafe,3153.600000000008,1,21.900000000000055,11.849999999999973
2017-08,moveis_quarto,88992.0,3,206.0,28.120000000000026
2017-08,industria_comercio_e_negocios,137793.59999999998,3,318.96666666666664,29.016666666666683
2017-08,audio,151300.80000000008,7,150.10000000000008,13.677142857142837
2017-08,agro_industria_e_comercio,12672.0,1,22.0,34.15000000000003
2017-08,fashion_esporte,38275.200000000055,2,132.9000000000002,61.81999999999989
2017-08,construcao_ferramentas_seguranca,1281.6000000000008,1,8.900000000000006,15.789999999999973
2017-09,cama_mesa_banho,7514571.599999999,457,98.77197160883279,18.21957728706626
2017-09,esporte_lazer,7039746.2399999965,408,107.99807069219435,18.74426362297496
2017-09,beleza_saude,7298487.839999997,358,134.73799734160386,19.889751883030556
2017-09,cool_stuff,5406835.680000004,196,184.96290640394105,23.704827586206893
2017-09,fashion_bolsas_e_acessorios,1696786.3199999991,102,96.4521555252387,16.33064120054569
2017-09,eletroportateis,1444426.5599999998,29,334.35799999999995,29.41133333333334
2017-09,casa_conforto,661296.9599999997,26,139.16181818181812,20.636969696969718
2017-09,construcao_ferramentas_construcao,178603.20000000036,7,124.03000000000026,17.99200000000001
2017-09,telefonia_fixa,1971779.04,6,1053.3007692307692,22.86769230769187
2017-09,alimentos,142980.47999999975,13,58.40705882352931,14.487058823529447
2017-09,livros_tecnicos,144194.39999999997,8,125.16874999999997,16.944999999999997
2017-09,instrumentos_musicais,1197875.9999999977,22,324.1006493506487,24.783636363636393
2017-09,casa_construcao,195524.6399999998,9,123.43727272727261,36.50454545454541
2017-09,artes,55949.75999999998,3,129.5133333333333,15.769999999999973
2017-09,seguros_e_servicos,14400.0,1,100.0,15.450000000000014
2017-09,fashion_roupa_infanto_juvenil,12958.559999999974,1,89.98999999999982,17.07000000000001
2017-09,brinquedos,4252178.160000002,266,102.29450923787533,18.718337182448032
2017-09,pet_shop,1229028.4800000002,62,120.21014084507044,18.876619718309854
2017-09,livros_interesse_geral,138562.55999999997,15,65.60727272727271,15.646136363636364
2017-09,automotivo,2034254.8800000006,96,132.02588785046734,22.049626168224307
2017-09,cine_foto,9936.0,1,69.0,33.84000000000007
2017-09,moveis_sala,183725.28000000014,11,115.98818181818191,26.087272727272715
2017-09,eletronicos,624810.2400000009,65,64.76059701492547,18.18492537313431
2017-09,construcao_ferramentas_seguranca,161933.76000000045,4,224.9080000000006,15.549999999999995
2017-09,ferramentas_jardim,3169218.7200000025,176,99.28630075187978,21.328511278195503
2017-09,fashion_roupa_feminina,51220.79999999999,3,88.92499999999998,18.652500000000025
2017-09,sinalizacao_e_seguranca,63129.59999999999,5,48.7111111111111,10.905555555555589
2017-09,audio,150132.96000000002,10,104.25900000000001,14.92
2017-09,moveis_quarto,102182.40000000023,3,177.4000000000004,53.59500000000011
2017-09,livros_importados,41760.0,3,72.5,9.39000000000001
2017-09,eletrodomesticos_2,234403.20000000016,6,271.3000000000002,50.13666666666664
2017-09,fashion_underwear_e_moda_praia,233265.59999999974,14,101.24374999999989,14.892500000000016
2017-09,industria_comercio_e_negocios,31677.119999999948,2,109.98999999999982,15.865000000000006
2017-09,bebidas,35277.119999999966,5,40.82999999999996,11.574999999999978
2017-09,moveis_colchao_e_estofado,12456.0,1,86.5,47.31999999999992
2017-09,telefonia,2627909.280000003,160,105.589411764706,16.8061330761813
2017-09,unknown,831477.6000000001,61,79.09794520547946,17.80438356164385
2017-09,moveis_decoracao,4393003.6800000025,270,89.0714452554745,21.333751824817522
2017-09,pcs,7345760.159999992,39,1280.6415899581575,43.00020920502097
2017-09,fashion_calcados,158356.7999999999,12,84.59230769230764,19.21461538461536
2017-09,alimentos_bebidas,44763.8400000001,6,34.54000000000008,14.880000000000075
2017-09,market_place,165198.23999999993,11,104.29181818181814,18.400909090909092
2017-09,malas_acessorios,558393.1199999995,41,92.6947410358565,23.18314741035856
2017-09,moveis_cozinha_area_de_servico_jantar_e_jardim,58982.40000000002,4,102.40000000000003,29.570000000000007
2017-09,dvds_blu_ray,5731.200000000015,2,19.900000000000052,25.630000000000077
2017-09,portateis_casa_forno_e_cafe,92302.56000000016,1,640.9900000000011,32.47999999999996
2017-09,construcao_ferramentas_jardim,36230.3999999999,4,50.31999999999986,17.474000000000018
2017-09,artigos_de_natal,36676.799999999916,3,63.674999999999855,15.89500000000002
2017-09,casa_conforto_2,1857.6000000000047,1,12.900000000000032,16.789999999999974
2017-09,artigos_de_festas,38851.20000000021,1,134.90000000000072,16.69999999999991
2017-09,perfumaria,2023387.2000000011,135,91.83856209150332,14.47111111111111
2017-09,relogios_presentes,6445626.239999996,253,169.33654476670858,16.070712484237063
2017-09,consoles_games,1173682.0800000003,58,129.37412698412703,16.885873015873013
2017-09,bebes,3345472.8000000007,161,136.66147058823532,21.70052941176469
2017-09,utilidades_domesticas,2871584.6399999997,217,80.08658634538152,18.902771084337346
2017-09,informatica_acessorios,4037853.599999999,211,113.52489878542508,19.96582995951414
2017-09,papelaria,842618.8799999997,69,78.02026666666663,18.007466666666677
2017-09,moveis_escritorio,1313088.4800000007,36,151.97783333333342,38.0553333333333
2017-09,construcao_ferramentas_iluminacao,32976.0,1,229.0,29.979999999999993
2017-09,agro_industria_e_comercio,287134.5600000003,3,498.4975000000005,31.424999999999972
2017-09,climatizacao,234597.60000000027,7,232.73571428571455,21.848571428571432
2017-09,fashion_roupa_masculina,169560.00000000047,10,73.5937500000002,13.168125000000012
2017-09,construcao_ferramentas_ferramentas,132032.16000000003,3,305.63000000000005,19.729999999999993
2017-09,eletrodomesticos,262107.3600000001,10,182.01900000000006,37.70899999999998
2017-09,fashion_esporte,55382.40000000014,2,76.9200000000002,23.24399999999976
2017-09,tablets_impressao_imagem,33681.6,3,77.96666666666667,15.32666666666668
2017-10,utilidades_domesticas,2287249.920000001,188,69.36104803493453,18.324672489082996
2017-10,telefonia,3003721.920000001,220,85.48844262295084,15.402172131147541
2017-10,moveis_decoracao,4321402.559999999,266,80.02597333333331,19.878373333333336
2017-10,bebes,2375640.000000001,134,119.5471014492754,22.668333333333326
2017-10,fashion_bolsas_e_acessorios,1092068.8799999997,94,70.2204783950617,14.754598765432092
2017-10,ferramentas_jardim,3715020.000000002,213,92.1383928571429,23.232464285714283
2017-10,casa_conforto,521251.19999999984,26,134.06666666666663,16.772222222222243
2017-10,unknown,2350262.88,58,240.01867647058822,25.665735294117592
2017-10,fashion_roupa_masculina,139953.59999999998,8,97.18999999999998,14.532999999999966
2017-10,casa_conforto_2,9287.999999999987,3,12.899999999999983,15.10000000000004
2017-10,construcao_ferramentas_iluminacao,72000.0,2,250.0,75.54999999999998
2017-10,artes,50263.19999999993,3,116.34999999999984,17.133333333333322
2017-10,sinalizacao_e_seguranca,107136.0,7,74.4,16.37000000000004
2017-10,eletrodomesticos,264625.9199999999,7,262.52571428571423,36.289999999999935
2017-10,tablets_impressao_imagem,14256.0,1,99.0,12.190000000000037
2017-10,fashion_esporte,8625.599999999977,1,59.899999999999835,8.72000000000002
2017-10,informatica_acessorios,6049948.319999998,254,135.89281940700806,19.67339083557951
2017-10,alimentos,116072.64000000004,12,47.41529411764708,12.72705882352949
2017-10,eletronicos,486194.4000000003,55,54.45725806451616,17.60612903225805
2017-10,automotivo,3084392.1599999997,130,144.7256081081081,22.99513513513513
2017-10,fashion_calcados,267972.48000000033,16,103.38444444444457,18.53666666666667
2017-10,artigos_de_natal,55879.199999999924,7,32.337499999999956,11.932500000000006
2017-10,moveis_escritorio,2576279.520000001,69,175.40029411764712,39.562745098039265
2017-10,la_cuisine,19728.0,1,137.0,23.829999999999952
2017-10,eletrodomesticos_2,303014.8800000002,9,233.80777777777791,37.818888888888914
2017-10,livros_tecnicos,126720.0,6,146.66666666666666,18.041666666666632
2017-10,audio,335315.52000000014,31,75.11548387096778,12.015161290322569
2017-10,casa_construcao,604968.4799999997,15,233.39833333333323,30.613333333333344
2017-10,industria_comercio_e_negocios,324963.3599999995,5,451.33799999999934,42.297999999999995
2017-10,construcao_ferramentas_ferramentas,146678.40000000008,5,203.7200000000001,20.27200000000001
2017-10,esporte_lazer,6998310.479999993,419,105.11761715933659,17.80821196827686
2017-10,brinquedos,4801474.080000003,273,117.82180212014141,17.51671378091872
2017-10,papelaria,1108392.4800000004,89,80.1788541666667,19.09604166666667
2017-10,consoles_games,1494823.6800000013,99,98.86400000000009,15.717047619047603
2017-10,market_place,146813.75999999983,10,92.68545454545445,14.416363636363629
2017-10,alimentos_bebidas,330801.1200000002,15,135.13117647058831,21.044705882352915
2017-10,climatizacao,368988.4800000002,9,213.5350000000001,25.62333333333334
2017-10,moveis_cozinha_area_de_servico_jantar_e_jardim,493718.3999999999,14,214.28749999999997,54.17562499999998
2017-10,fashion_underwear_e_moda_praia,27043.199999999993,3,62.59999999999999,11.716666666666642
2017-10,telefonia_fixa,540270.7200000002,6,535.9828571428574,22.021428571428576
2017-10,pcs,5816724.479999996,26,1496.07111111111,47.77851851851853
2017-10,construcao_ferramentas_seguranca,240314.3999999998,9,139.0708333333332,20.808333333333426
2017-10,agro_industria_e_comercio,482440.31999999983,5,670.0559999999998,41.63000000000005
2017-10,dvds_blu_ray,25142.39999999999,4,43.649999999999984,23.625000000000043
2017-10,construcao_ferramentas_jardim,107553.59999999995,8,82.98888888888885,15.695555555555558
2017-10,livros_interesse_geral,101447.99999999991,8,68.17741935483865,17.75064516129035
2017-10,moveis_quarto,135921.60000000003,3,314.63333333333344,51.819999999999965
2017-10,cine_foto,9936.0,1,69.0,38.0
2017-10,cama_mesa_banho,6613745.039999993,442,84.79160307692298,16.972799999999992
2017-10,relogios_presentes,9340170.720000006,282,210.8200325027087,15.901023835319593
2017-10,beleza_saude,5854328.159999999,322,116.26803622497616,19.175729265967593
2017-10,cool_stuff,6386145.119999998,242,174.59933070866137,24.31960629921259
2017-10,perfumaria,2430406.080000001,175,90.25572192513373,16.869251336898408
2017-10,pet_shop,1191393.1199999992,65,108.6244638949671,18.154857768052523
2017-10,malas_acessorios,898608.9599999994,52,111.43464285714278,26.375357142857133
2017-10,eletroportateis,930938.4000000005,30,202.0265625000001,20.618437499999995
2017-10,construcao_ferramentas_construcao,370969.92,15,135.58842105263156,23.613157894736897
2017-10,instrumentos_musicais,911413.4399999997,19,333.11894736842095,22.976842105263135
2017-10,fashion_roupa_infanto_juvenil,5758.55999999998,1,39.98999999999987,14.099999999999962
2017-10,moveis_sala,220721.75999999963,13,80.6731578947367,25.062631578947386
2017-10,bebidas,85965.11999999997,10,49.74833333333331,12.978333333333309
2017-10,cds_dvds_musicais,6480.0,1,45.0,16.109999999999975
2017-10,artigos_de_festas,19843.199999999946,2,68.8999999999998,13.035000000000002
2017-10,musica,7905.599999999979,1,54.89999999999986,15.130000000000056
2017-11,automotivo,5002054.560000001,242,133.60188461538465,21.658346153846157
2017-11,cama_mesa_banho,12671293.920000002,806,91.53442787794731,17.696215325936194
2017-11,beleza_saude,11275516.799999997,521,136.57360465116275,18.071962209302324
2017-11,relogios_presentes,13756416.720000003,426,206.18130575539573,16.942125899280576
2017-11,papelaria,2362491.3600000013,149,100.65147239263808,20.850674846625765
2017-11,ferramentas_jardim,6375625.920000001,430,80.94182815356491,22.234296160877513
2017-11,livros_interesse_geral,378859.6799999997,37,71.10729729729724,14.981081081081083
2017-11,audio,529521.1200000007,33,102.1452777777779,14.386388888888863
2017-11,telefonia_fixa,135933.12000000008,5,188.7960000000001,18.49999999999998
2017-11,fashion_underwear_e_moda_praia,175910.3999999999,10,122.15999999999994,17.025999999999982
2017-11,climatizacao,587033.2800000005,16,214.55894736842123,22.996842105263166
2017-11,alimentos,71724.95999999982,10,35.57785714285705,11.711428571428582
2017-11,industria_comercio_e_negocios,287261.28000000014,6,332.4783333333335,41.73499999999999
2017-11,artes,10800.0,1,75.0,17.78000000000002
2017-11,flores,27043.19999999997,6,31.29999999999997,13.581666666666651
2017-11,cds_dvds_musicais,28080.0,3,65.0,9.940000000000033
2017-11,livros_tecnicos,110721.59999999998,5,128.14999999999998,15.82000000000001
2017-11,construcao_ferramentas_seguranca,472419.3599999987,12,234.33499999999935,16.21571428571431
2017-11,bebidas,97073.27999999985,14,37.451111111111054,13.266111111111073
2017-11,unknown,1985263.200000001,111,116.83516949152548,17.381779661016946
2017-11,construcao_ferramentas_jardim,175463.99999999988,14,71.67647058823525,21.185294117647036
2017-11,pcs,1406592.0,7,1395.4285714285713,41.771428571428615
2017-11,agro_industria_e_comercio,2006278.5599999875,13,733.2889473684165,35.675263157894776
2017-11,eletrodomesticos_2,699109.9199999997,13,373.45615384615365,44.12076923076925
2017-11,livros_importados,35568.0,2,82.33333333333333,11.403333333333379
2017-11,market_place,195261.12000000008,11,84.74875000000003,20.414374999999932
2017-11,moveis_quarto,125712.0,3,291.0,59.153333333333315
2017-11,construcao_ferramentas_iluminacao,316725.12,9,219.948,40.75099999999991
2017-11,la_cuisine,19728.0,1,137.0,0.10999999999999979
2017-11,consoles_games,1698541.9200000009,125,91.9124415584416,16.399337662337643
2017-11,informatica_acessorios,10032792.479999993,431,136.12276782806893,19.993448388147186
2017-11,telefonia,3760938.720000004,343,70.39792452830196,15.364285714285703
2017-11,bebes,3035136.960000003,185,106.90113271344052,19.72732037193575
2017-11,fashion_bolsas_e_acessorios,1849705.9200000009,178,66.61286084701818,13.771028522039751
2017-11,cool_stuff,8020319.039999993,286,187.53084175084157,22.109090909090913
2017-11,perfumaria,4554664.080000004,289,103.93081599123776,15.761966046002188
2017-11,moveis_escritorio,2580364.7999999993,75,177.41782178217818,47.214554455445686
2017-11,alimentos_bebidas,352162.0800000001,28,74.10818181818183,17.750909090909044
2017-11,eletronicos,1439350.3200000012,164,54.87001829826171,15.890265324794145
2017-11,moveis_cozinha_area_de_servico_jantar_e_jardim,721064.1600000003,28,151.73909090909098,41.810303030303004
2017-11,construcao_ferramentas_construcao,1009760.64,37,148.66911660777384,34.09734982332156
2017-11,fashion_roupa_feminina,8637.119999999968,2,29.98999999999989,12.094999999999976
2017-11,eletroportateis,976740.4800000002,27,242.2471428571429,25.18071428571427
2017-11,tablets_impressao_imagem,50457.59999999989,6,58.39999999999987,15.331666666666662
2017-11,casa_construcao,710887.68,33,129.91368421052633,20.78473684210528
2017-11,dvds_blu_ray,11489.759999999997,3,26.59666666666666,21.960000000000004
2017-11,moveis_decoracao,8944006.079999994,537,80.94416159860985,19.02840573414422
2017-11,esporte_lazer,9025028.399999999,544,104.98125348967056,17.524223897264086
2017-11,utilidades_domesticas,4877628.479999999,345,82.21461165048541,20.405194174757277
2017-11,brinquedos,9019623.59999999,444,129.14695876288647,19.169164948453606
2017-11,malas_acessorios,1195365.6000000008,63,118.58785714285722,31.018428571428597
2017-11,instrumentos_musicais,2271872.1599999997,41,375.64023809523803,30.56142857142857
2017-11,pet_shop,1603844.160000001,82,115.02037865748717,21.329277108433725
2017-11,casa_conforto_2,5572.800000000014,3,12.900000000000032,14.01666666666663
2017-11,fashion_calcados,245923.2,17,89.8842105263158,17.091052631578936
2017-11,casa_conforto,771176.1599999999,40,119.00866666666666,19.772000000000023
2017-11,moveis_sala,894664.8000000012,29,159.30641025641046,37.05000000000023
2017-11,eletrodomesticos,650295.3600000001,25,180.63760000000002,22.161599999999986
2017-11,artigos_de_natal,189014.39999999988,18,59.66363636363633,19.47090909090906
2017-11,sinalizacao_e_seguranca,85937.76,3,119.35799999999999,39.20000000000005
2017-11,artigos_de_festas,122500.7999999997,3,283.566666666666,18.62333333333337
2017-11,moveis_colchao_e_estofado,48096.0,2,167.0,39.405000000000044
2017-11,construcao_ferramentas_ferramentas,38807.999999999985,4,53.89999999999998,16.00799999999998
2017-11,fashion_roupa_masculina,126862.5600000002,10,80.09000000000013,14.608181818181789
2017-11,cine_foto,34848.0,1,242.0,17.94000000000004
2017-11,fashion_esporte,8625.599999999977,1,59.899999999999835,7.779999999999979
2017-12,moveis_decoracao,4471661.7600000035,304,82.22384819064438,18.933415710503088
2017-12,telefonia,1840383.3599999985,237,49.15553846153842,14.124538461538448
2017-12,artigos_de_festas,74188.7999999998,2,257.5999999999993,17.360000000000028
2017-12,fashion_underwear_e_moda_praia,168926.39999999985,13,90.23846153846145,14.347692307692295
2017-12,audio,386917.92000000033,17,158.0547058823531,14.952352941176462
2017-12,moveis_escritorio,962549.2800000004,38,139.2577083333334,36.06937500000012
2017-12,eletrodomesticos,191664.00000000006,16,83.18750000000003,21.364999999999995
2017-12,eletroportateis,1085726.8800000004,26,279.2507407407408,19.38148148148146
2017-12,fashion_calcados,158255.99999999994,12,84.5384615384615,15.881538461538458
2017-12,moveis_cozinha_area_de_servico_jantar_e_jardim,615931.2000000002,16,213.86500000000007,49.385999999999996
2017-12,industria_comercio_e_negocios,263303.9999999999,9,203.16666666666657,20.15111111111111
2017-12,construcao_ferramentas_iluminacao,25344.0,2,88.0,15.22999999999998
2017-12,fraldas_higiene,10944.0,1,38.0,11.849999999999943
2017-12,fashion_esporte,8625.599999999977,1,59.899999999999835,16.85999999999998
2017-12,consoles_games,1276107.8399999992,87,96.6748363636363,14.348599999999989
2017-12,unknown,2231664.4800000014,132,113.12167883211686,13.674233576642319
2017-12,brinquedos,7922096.879999995,413,126.22843977055442,19.264539196940717
2017-12,ferramentas_jardim,3858579.360000003,243,82.95879256965951,22.747492260061925
2017-12,automotivo,5618874.240000003,238,148.36486692015217,21.884486692015205
2017-12,moveis_colchao_e_estofado,115732.79999999999,8,100.46249999999999,35.58749999999997
2017-12,perfumaria,3806130.0000000047,225,113.60225644699155,15.571540114613182
2017-12,bebes,2826623.520000001,135,141.38773109243704,19.712268907563004
2017-12,telefonia_fixa,143822.88000000015,5,199.75400000000022,19.40799999999999
2017-12,tablets_impressao_imagem,60393.599999999846,6,69.89999999999982,9.269999999999987
2017-12,pcs,2410704.0,19,727.8695652173913,51.09869565217388
2017-12,bebidas,307128.9599999994,31,62.73058823529399,12.98735294117647
2017-12,relogios_presentes,9981876.719999997,333,196.5555434782608,15.125524574669182
2017-12,artigos_de_natal,71121.59999999985,14,30.868749999999935,18.816874999999968
2017-12,cool_stuff,5402242.080000004,231,151.27245967741945,20.92459677419354
2017-12,instrumentos_musicais,1558583.9999999998,41,257.7023809523809,20.621190476190467
2017-12,eletronicos,1226320.08,189,40.779465283320036,16.475546687948928
2017-12,moveis_sala,333505.4400000002,16,115.80050000000006,31.243500000000036
2017-12,agro_industria_e_comercio,762004.8000000002,9,481.0636363636365,33.84909090909093
2017-12,construcao_ferramentas_ferramentas,50313.6000000001,6,58.23333333333345,18.069999999999983
2017-12,alimentos,135264.96000000002,11,72.25692307692309,13.684615384615363
2017-12,dvds_blu_ray,17265.599999999977,1,119.89999999999984,15.589999999999982
2017-12,artes,16595.999999999985,3,38.416666666666636,16.046666666666656
2017-12,casa_conforto,325123.19999999995,14,161.27142857142854,20.506428571428565
2017-12,moveis_quarto,26640.0,1,185.0,45.75
2017-12,livros_interesse_geral,338716.7999999997,37,57.37073170731702,15.537073170731684
2017-12,beleza_saude,8735176.799999986,426,131.96725888324852,17.867668600435085
2017-12,utilidades_domesticas,3641178.240000002,243,87.79847222222227,20.415034722222224
2017-12,informatica_acessorios,5389728.479999994,249,131.79109154929563,19.502183098591537
2017-12,construcao_ferramentas_jardim,133761.59999999998,6,154.81666666666663,28.141666666666644
2017-12,construcao_ferramentas_construcao,836882.4,22,216.58447204968945,27.228136645962728
2017-12,esporte_lazer,8453449.919999996,431,121.37390764989657,19.554993108201234
2017-12,cama_mesa_banho,7206291.839999996,476,91.71110568112395,17.027461820403165
2017-12,fashion_bolsas_e_acessorios,1439965.4399999997,123,74.62507462686565,14.858432835820892
2017-12,malas_acessorios,859566.2400000002,44,129.76543478260874,24.85369565217392
2017-12,market_place,101267.99999999994,13,50.232142857142826,12.929285714285689
2017-12,casa_construcao,939643.1999999996,29,171.7184210526315,32.70921052631578
2017-12,papelaria,3570206.4000000027,229,99.97217741935492,18.68971774193549
2017-12,pet_shop,1029802.5599999994,70,99.0957043879907,20.663418013856806
2017-12,livros_tecnicos,96579.35999999993,4,167.67249999999987,16.317500000000017
2017-12,eletrodomesticos_2,286583.04000000044,8,248.77000000000038,35.28625000000001
2017-12,alimentos_bebidas,148849.9200000001,18,49.22285714285717,17.594285714285707
2017-12,livros_importados,33264.0,3,77.0,13.353333333333326
2017-12,construcao_ferramentas_seguranca,199428.4800000001,7,197.8457142857144,20.077142857142857
2017-12,fashion_roupa_masculina,64928.15999999995,4,112.72249999999991,20.31249999999996
2017-12,flores,11908.799999999985,2,41.349999999999945,15.140000000000002
2017-12,climatizacao,96307.20000000017,3,222.93333333333374,17.846666666666664
2017-12,cds_dvds_musicais,9360.0,1,65.0,9.940000000000033
2017-12,sinalizacao_e_seguranca,110880.0,2,385.0,36.21999999999993
2018-01,ferramentas_jardim,3861080.640000004,203,113.5344812985181,24.091002117148907
2018-01,moveis_decoracao,7751737.439999997,468,90.44779053486414,19.79284234108093
2018-01,informatica_acessorios,11592557.280000003,574,117.01143895348841,18.288749999999986
2018-01,cool_stuff,5607707.039999999,285,131.56219594594592,19.998243243243227
2018-01,utilidades_domesticas,5392330.560000002,317,106.68586894586899,21.953760683760684
2018-01,eletronicos,2287336.3200000026,319,45.64448275862074,16.048160919540223
2018-01,eletrodomesticos,248421.59999999986,26,63.89444444444441,14.15333333333332
2018-01,telefonia_fixa,351950.39999999985,10,244.40999999999988,18.945000000000014
2018-01,pcs,986544.0,11,622.8181818181819,72.32454545454546
2018-01,moveis_colchao_e_estofado,123912.0,9,95.61111111111111,45.54444444444447
2018-01,flores,40982.39999999995,7,28.459999999999965,15.36599999999996
2018-01,construcao_ferramentas_jardim,565629.1199999999,21,163.6658333333333,24.073333333333334
2018-01,artigos_de_festas,19555.199999999946,2,67.8999999999998,17.230000000000015
2018-01,fashion_roupa_feminina,23297.759999999933,3,53.92999999999984,11.56333333333331
2018-01,fashion_esporte,17251.199999999953,2,59.899999999999835,12.769999999999998
2018-01,esporte_lazer,12408887.519999994,575,134.22559190031146,20.102414330218075
2018-01,eletrodomesticos_2,1242734.4,12,663.8538461538461,36.88230769230771
2018-01,instrumentos_musicais,2185715.519999999,49,297.6192156862744,24.453921568627425
2018-01,cama_mesa_banho,10858770.719999997,689,90.20111244019137,17.045382775119617
2018-01,unknown,3023082.7200000016,171,108.77528497409332,15.17279792746114
2018-01,construcao_ferramentas_construcao,1391641.9200000004,40,201.3370833333334,22.690416666666664
2018-01,fashion_bolsas_e_acessorios,1142167.6799999995,116,63.45375999999997,15.338639999999982
2018-01,perfumaria,2819522.4000000022,208,87.73719193427938,14.63188200149365
2018-01,consoles_games,1053112.3199999994,50,143.39764705882345,16.309215686274506
2018-01,livros_interesse_geral,311068.7999999997,40,49.095454545454494,14.343636363636351
2018-01,casa_conforto,434903.04,18,167.78666666666666,23.08055555555555
2018-01,bebidas,320775.8399999991,39,44.55219999999987,14.415600000000014
2018-01,artigos_de_natal,122615.99999999983,9,85.14999999999988,25.29599999999999
2018-01,sinalizacao_e_seguranca,151025.75999999995,7,131.09874999999997,30.897499999999987
2018-01,market_place,117895.67999999985,12,58.479999999999926,16.28857142857145
2018-01,construcao_ferramentas_iluminacao,344590.56,6,341.85571428571427,23.11142857142854
2018-01,dvds_blu_ray,7171.200000000017,2,24.90000000000006,23.390000000000065
2018-01,construcao_ferramentas_seguranca,320960.16000000027,9,202.6263636363638,17.80636363636359
2018-01,malas_acessorios,2670670.0800000033,121,147.19301587301607,25.94928571428569
2018-01,artes,365870.8800000001,19,133.7247368421053,17.023157894736816
2018-01,fashion_calcados,96004.80000000031,7,74.07777777777801,17.290000000000006
2018-01,bebes,4296846.239999999,210,136.04503039513676,21.369255319148934
2018-01,eletroportateis,2053700.6400000004,50,269.09075471698117,24.857358490566035
2018-01,casa_construcao,827680.3200000002,27,143.69450000000003,21.980000000000004
2018-01,industria_comercio_e_negocios,386078.39999999985,15,148.94999999999993,30.15166666666663
2018-01,audio,550120.3200000001,25,146.93384615384616,15.888846153846142
2018-01,livros_tecnicos,169423.19999999995,16,69.20882352941175,14.251764705882346
2018-01,alimentos,119456.63999999993,18,43.66105263157892,13.187368421052634
2018-01,moveis_quarto,131731.2000000001,5,182.96000000000015,30.047999999999966
2018-01,musica,3595.6799999999894,1,24.969999999999928,15.099999999999959
2018-01,tablets_impressao_imagem,23299.19999999996,3,53.933333333333245,8.32333333333334
2018-01,fashion_roupa_masculina,79286.40000000014,5,91.76666666666682,18.595000000000017
2018-01,portateis_casa_forno_e_cafe,53278.55999999995,1,369.9899999999996,15.140000000000034
2018-01,la_cuisine,16128.0,1,112.0,18.030000000000022
2018-01,relogios_presentes,10587058.559999997,322,207.10208450704218,15.956647887323951
2018-01,papelaria,5691271.68,368,102.65641558441558,17.664415584415586
2018-01,brinquedos,3079130.400000003,154,132.81273291925478,17.5672049689441
2018-01,automotivo,5167082.880000003,244,134.3076232064879,19.764734872114786
2018-01,telefonia,2118129.1199999955,344,39.95263920325931,15.093924852874597
2018-01,beleza_saude,10283123.999999994,564,115.3333781965006,17.096255720053822
2018-01,moveis_sala,332366.39999999997,22,104.91363636363636,25.175000000000015
2018-01,alimentos_bebidas,49128.47999999995,10,31.015454545454514,17.09545454545455
2018-01,livros_importados,83952.0,6,97.16666666666667,10.944999999999993
2018-01,pet_shop,1551080.64,76,121.25395872420262,20.028517823639785
2018-01,climatizacao,673162.5600000003,22,161.19793103448282,17.337241379310353
2018-01,moveis_cozinha_area_de_servico_jantar_e_jardim,696743.9999999999,20,230.40476190476187,52.89142857142849
2018-01,moveis_escritorio,2805900.4800000032,104,137.22126760563395,38.271267605633824
2018-01,fashion_underwear_e_moda_praia,108647.99999999988,8,94.3124999999999,15.31499999999999
2018-01,agro_industria_e_comercio,842895.3600000002,15,325.1911111111112,24.615000000000006
2018-01,construcao_ferramentas_ferramentas,76651.2000000001,8,66.53750000000008,20.353750000000005
2018-01,fraldas_higiene,18000.0,1,25.0,12.689999999999895
2018-01,cine_foto,28797.119999999948,2,99.98999999999982,11.900000000000027
2018-02,artigos_de_natal,296589.5999999985,17,85.81874999999957,25.487499999999947
2018-02,bebes,3724238.400000002,166,150.51076624636283,20.307701260911735
2018-02,moveis_decoracao,5470030.799999995,337,90.01498815165868,19.086978672985783
2018-02,construcao_ferramentas_construcao,1294714.0799999987,53,132.22161764705868,16.655441176470593
2018-02,relogios_presentes,8749340.639999997,305,187.43231876606677,18.12789203084834
2018-02,instrumentos_musicais,1298265.1200000013,39,204.90295454545475,23.83295454545452
2018-02,audio,407302.56000000023,15,188.56600000000012,14.006000000000004
2018-02,construcao_ferramentas_jardim,221507.99999999974,14,76.91249999999991,17.092499999999998
2018-02,moveis_cozinha_area_de_servico_jantar_e_jardim,665447.04,16,243.21894736842106,45.416842105263164
2018-02,climatizacao,378272.1599999997,11,218.90749999999983,22.14833333333334
2018-02,sinalizacao_e_seguranca,103073.75999999995,10,47.71933333333331,18.125333333333362
2018-02,fashion_underwear_e_moda_praia,57499.19999999986,7,57.042857142857,15.141428571428545
2018-02,artes,175206.23999999996,11,101.39249999999998,24.376666666666665
2018-02,construcao_ferramentas_iluminacao,231955.20000000048,9,94.75294117647078,20.980588235294146
2018-02,livros_importados,46800.0,3,108.33333333333333,8.84666666666666
2018-02,brinquedos,2045978.4,131,102.09473053892215,15.690646706586826
2018-02,cama_mesa_banho,8696657.519999992,590,88.1013202042304,16.414266958424495
2018-02,eletronicos,2126395.200000001,301,44.589733266230525,16.031967790639143
2018-02,casa_conforto,433837.4399999997,20,143.46476190476182,18.338571428571438
2018-02,utilidades_domesticas,5022355.679999999,334,89.20069053708438,21.451125319693084
2018-02,perfumaria,2930018.8800000027,194,96.50918577075107,13.718901185770752
2018-02,ferramentas_jardim,3811554.7200000007,229,90.38974388161641,23.09326693227094
2018-02,beleza_saude,12178991.519999988,596,130.11743076923065,16.749582051282047
2018-02,malas_acessorios,924991.1999999998,43,142.74555555555554,25.612444444444453
2018-02,telefonia,1967505.1199999952,328,38.614875176636744,13.626471973622229
2018-02,bebidas,276472.79999999946,26,61.93387096774182,14.055806451612925
2018-02,tablets_impressao_imagem,100075.6799999998,12,53.459230769230665,13.193846153846152
2018-02,papelaria,1453036.3199999998,131,69.58986206896552,16.218620689655154
2018-02,moveis_sala,634000.3200000004,19,169.3376923076924,59.973076923077095
2018-02,alimentos_bebidas,146635.19999999987,20,44.273913043478224,13.614347826086966
2018-02,casa_construcao,752529.6000000007,31,137.52368421052643,19.566842105263166
2018-02,agro_industria_e_comercio,1063483.2,20,284.05,24.850384615384645
2018-02,eletrodomesticos,798112.8000000002,47,115.46770833333336,17.08604166666666
2018-02,livros_tecnicos,203214.24000000008,23,54.277307692307716,13.711538461538447
2018-02,moveis_quarto,128995.20000000001,6,127.97142857142859,36.35000000000003
2018-02,fashion_roupa_masculina,55884.960000000065,3,129.3633333333335,19.589999999999968
2018-02,musica,35275.67999999999,2,122.48499999999997,16.134999999999998
2018-02,pc_gamer,18718.560000000005,1,129.99000000000004,20.039999999999974
2018-02,fashion_roupa_feminina,4318.559999999984,1,29.98999999999989,15.099999999999959
2018-02,fashion_bolsas_e_acessorios,1409274.7199999995,102,91.4638317757009,15.980560747663533
2018-02,esporte_lazer,10736771.999999996,572,117.019487313628,18.533947161914725
2018-02,telefonia_fixa,682369.9200000002,9,430.789090909091,16.32909090909089
2018-02,fashion_calcados,148852.80000000005,10,93.9727272727273,19.801818181818167
2018-02,alimentos,256826.8799999999,30,46.934736842105245,12.78973684210528
2018-02,cool_stuff,4287204.000000003,176,165.401388888889,19.63638888888888
2018-02,industria_comercio_e_negocios,681924.9599999996,29,127.98891891891884,21.240810810810842
2018-02,pet_shop,1327426.5599999996,86,93.11353535353533,20.69252525252526
2018-02,livros_interesse_geral,271677.59999999986,28,67.38035714285711,19.17499999999997
2018-02,portateis_casa_forno_e_cafe,435585.6,5,604.98,37.74800000000003
2018-02,fraldas_higiene,14400.0,1,25.0,12.68999999999985
2018-02,moveis_colchao_e_estofado,49636.79999999999,5,68.93999999999998,50.59800000000008
2018-02,dvds_blu_ray,3585.6000000000085,1,24.90000000000006,17.630000000000063
2018-02,automotivo,5907025.439999997,299,130.29436739015344,19.932615140285858
2018-02,moveis_escritorio,2504812.3200000026,72,162.06083850931694,38.701568322981515
2018-02,informatica_acessorios,14419731.600000003,792,103.11003089068133,17.59448429723699
2018-02,flores,19365.119999999944,4,33.619999999999905,13.30500000000002
2018-02,unknown,1827643.6800000002,107,108.47837606837608,16.96820512820512
2018-02,market_place,276612.4799999998,20,68.60428571428567,15.9078571428572
2018-02,construcao_ferramentas_seguranca,859068.0000000005,7,745.7187500000005,23.320000000000007
2018-02,construcao_ferramentas_ferramentas,189820.8,11,109.85,18.468333333333337
2018-02,eletroportateis,755303.0399999993,30,163.91124999999985,20.861874999999984
2018-02,consoles_games,1693991.5199999996,50,230.66333333333327,20.05058823529412
2018-02,eletrodomesticos_2,1295831.5200000005,21,428.51571428571447,47.043333333333365
2018-02,cine_foto,32830.559999999976,2,113.99499999999992,22.06500000000004
2018-02,casa_conforto_2,5572.800000000022,2,12.90000000000005,15.099999999999959
2018-03,unknown,2394031.6800000016,125,125.00165413533843,18.783909774436083
2018-03,papelaria,1871098.5600000003,145,79.71619631901842,17.636196319018396
2018-03,telefonia,3566507.5200000005,321,74.11694763092271,15.814768079800496
2018-03,moveis_escritorio,4437983.520000007,150,154.09665000000024,41.519941666666696
2018-03,automotivo,6347802.240000001,317,131.19630952380956,23.46470238095237
2018-03,ferramentas_jardim,3856156.320000002,200,105.7756287030942,24.871527320605647
2018-03,perfumaria,2892126.4800000032,183,101.3501009251473,16.50132043734231
2018-03,malas_acessorios,842654.8800000006,51,104.49589285714293,26.457857142857133
2018-03,construcao_ferramentas_ferramentas,134107.19999999998,8,103.47777777777776,24.829999999999988
2018-03,moveis_cozinha_area_de_servico_jantar_e_jardim,409343.04,12,236.88833333333332,63.28
2018-03,alimentos_bebidas,338510.87999999966,17,123.72473684210513,14.354210526315793
2018-03,moveis_quarto,154339.19999999992,6,178.63333333333324,32.31499999999999
2018-03,eletrodomesticos_2,813340.8000000002,12,470.68333333333345,36.48249999999999
2018-03,flores,12912.479999999989,3,29.889999999999972,15.580000000000027
2018-03,moveis_colchao_e_estofado,63360.0,4,110.0,36.23249999999998
2018-03,fashion_roupa_infanto_juvenil,11517.11999999996,2,39.98999999999987,8.29
2018-03,tablets_impressao_imagem,37337.760000000126,2,86.43000000000029,9.33333333333334
2018-03,utilidades_domesticas,5052472.800000004,324,89.88885567890698,22.39093936806151
2018-03,alimentos,224625.60000000015,33,44.56857142857146,14.533999999999986
2018-03,livros_interesse_geral,243639.3599999998,33,44.52473684210523,14.728157894736825
2018-03,eletronicos,1784531.0400000014,237,48.821707156927154,16.924320420223243
2018-03,fashion_bolsas_e_acessorios,1453897.4400000002,129,73.69715328467154,17.727591240875906
2018-03,casa_construcao,756073.4399999998,33,122.1048837209302,24.9332558139535
2018-03,fashion_calcados,151646.40000000008,11,95.73636363636369,21.22454545454545
2018-03,artigos_de_natal,125030.39999999979,13,71.36438356164372,28.447534246575355
2018-03,climatizacao,361105.92000000016,23,104.48666666666671,21.47208333333333
2018-03,market_place,223018.5600000001,16,91.10235294117652,18.0264705882353
2018-03,sinalizacao_e_seguranca,132753.6,7,102.43333333333334,17.51777777777777
2018-03,construcao_ferramentas_jardim,300561.12000000017,19,94.87409090909097,20.39499999999998
2018-03,artes,66455.99999999997,7,65.9285714285714,17.16571428571432
2018-03,bebidas,138628.79999999978,20,45.84285714285707,14.562857142857151
2018-03,portateis_casa_forno_e_cafe,1136289.6,7,1127.2714285714287,47.08285714285714
2018-03,cine_foto,102497.76000000018,6,101.68428571428589,19.250000000000014
2018-03,artigos_de_festas,131601.60000000003,5,152.31666666666672,26.06499999999998
2018-03,dvds_blu_ray,7171.200000000017,2,24.90000000000006,19.954999999999952
2018-03,casa_conforto_2,5038.559999999982,1,34.989999999999874,9.339999999999987
2018-03,musica,46651.67999999999,2,161.98499999999999,19.195000000000025
2018-03,fraldas_higiene,18000.0,1,25.0,13.70999999999988
2018-03,cama_mesa_banho,9760920.23999999,653,87.27575321888403,18.608066523605142
2018-03,esporte_lazer,11758247.039999997,646,111.54985428050999,19.58791666666665
2018-03,moveis_decoracao,7387675.919999991,430,88.0239719759793,22.810097226193907
2018-03,cool_stuff,5441938.560000002,239,149.37249011857713,21.63399209486166
2018-03,relogios_presentes,13783513.919999989,408,227.36068091844794,20.50425969912906
2018-03,pet_shop,1933608.24,109,109.91406548431105,21.844010914051847
2018-03,industria_comercio_e_negocios,420832.8,26,100.77413793103447,23.633793103448294
2018-03,consoles_games,1702975.6799999978,53,207.47754385964885,20.787543859649134
2018-03,casa_conforto,363222.7199999997,21,120.11333333333323,25.63047619047618
2018-03,construcao_ferramentas_iluminacao,365284.79999999993,12,195.1307692307692,46.26538461538459
2018-03,telefonia_fixa,278004.9600000002,12,137.8992857142858,19.30357142857145
2018-03,construcao_ferramentas_seguranca,773981.28,13,244.31227272727273,18.859545454545465
2018-03,la_cuisine,56016.0,1,389.0,37.6999999999999
2018-03,eletrodomesticos,1422228.9599999995,70,141.0941428571428,21.05242857142857
2018-03,beleza_saude,12165668.159999989,605,128.81901905972035,19.12860991105464
2018-03,eletroportateis,2009113.92,34,398.6337142857143,21.169428571428554
2018-03,bebes,5876342.399999995,208,189.95159038013946,23.31826221877423
2018-03,informatica_acessorios,12197283.120000001,630,112.96290953545233,19.649397643920867
2018-03,construcao_ferramentas_construcao,1360307.5200000005,48,143.13000000000005,23.845454545454597
2018-03,brinquedos,3285031.1999999997,215,101.46501111934765,18.50528539659007
2018-03,instrumentos_musicais,1286121.5999999999,49,168.51698113207544,23.09849056603774
2018-03,moveis_sala,507149.2800000005,19,185.3615789473686,39.89105263157897
2018-03,livros_tecnicos,131539.67999999993,17,53.73352941176468,18.764705882352946
2018-03,audio,1527363.36,33,311.96147058823533,19.34352941176473
2018-03,agro_industria_e_comercio,743184.0,24,198.5,18.403461538461517
2018-03,livros_importados,37296.0,2,86.33333333333333,8.563333333333329
2018-03,fashion_underwear_e_moda_praia,41673.599999999926,5,57.879999999999896,15.802000000000001
2018-03,fashion_esporte,12945.599999999968,1,89.89999999999978,7.490000000000007
2018-03,fashion_roupa_feminina,17274.239999999943,1,29.989999999999903,8.640000000000024
2018-04,telefonia,2347787.039999999,245,58.47248057381946,14.70653317393902
2018-04,fashion_bolsas_e_acessorios,1183514.4000000004,92,80.57696078431375,16.792549019607854
2018-04,agro_industria_e_comercio,648100.7999999995,12,375.058333333333,23.58
2018-04,esporte_lazer,9471746.88,520,112.2777012802276,18.885100995732575
2018-04,unknown,1150257.5999999999,72,107.94459459459458,18.069324324324327
2018-04,eletroportateis,1738333.4399999992,60,182.90545454545446,18.28166666666666
2018-04,alimentos_bebidas,87130.07999999991,16,33.61499999999997,15.553333333333361
2018-04,livros_interesse_geral,903529.4399999998,42,128.05122448979589,18.273673469387745
2018-04,market_place,90321.11999999982,15,41.81533333333325,14.506666666666673
2018-04,fashion_underwear_e_moda_praia,51753.59999999987,6,59.89999999999985,13.463333333333313
2018-04,flores,22809.599999999977,3,52.79999999999995,12.029999999999985
2018-04,cds_dvds_musicais,9360.0,1,65.0,52.57999999999994
2018-04,artigos_de_festas,6307.199999999975,1,21.899999999999913,18.22999999999992
2018-04,fraldas_higiene,21456.0,4,37.25,12.892500000000016
2018-04,la_cuisine,40320.0,1,140.0,27.060000000000166
2018-04,brinquedos,3332219.0400000014,193,114.5564851485149,20.644405940594055
2018-04,automotivo,6913834.799999997,329,137.9016036381043,20.77029679272381
2018-04,pet_shop,2628769.679999998,150,110.08248241206022,21.054391959799005
2018-04,cama_mesa_banho,10275066.239999995,600,96.97118006795012,19.275010192525478
2018-04,eletronicos,1560993.1200000015,201,51.13316037735854,17.29872641509433
2018-04,casa_construcao,1325469.6000000006,58,122.72866666666671,19.262800000000034
2018-04,casa_conforto_2,1857.6000000000047,1,12.900000000000032,5.860000000000011
2018-04,dvds_blu_ray,13319.999999999975,4,18.499999999999964,35.03400000000003
2018-04,perfumaria,2510971.200000002,161,100.02275334608039,15.298202676864243
2018-04,eletrodomesticos,2162826.72,104,144.41951923076925,21.18817307692308
2018-04,construcao_ferramentas_jardim,191057.75999999975,12,73.71055555555546,25.02666666666666
2018-04,industria_comercio_e_negocios,819447.8400000001,48,107.37,22.483207547169812
2018-04,construcao_ferramentas_iluminacao,714624.4799999999,37,105.5887234042553,18.400638297872366
2018-04,portateis_casa_forno_e_cafe,1902526.56,13,1016.3069230769231,54.586923076923036
2018-04,bebidas,722367.3599999918,29,92.89703703703599,16.625555555555557
2018-04,climatizacao,469697.7600000005,22,141.8169565217393,28.666521739130417
2018-04,fashion_calcados,207172.80000000016,11,130.7909090909092,25.388181818181806
2018-04,livros_importados,45790.56,4,79.4975,8.594999999999986
2018-04,fashion_roupa_feminina,25192.800000000316,1,34.990000000000435,8.640000000000084
2018-04,fashion_roupa_masculina,28080.0,1,195.0,39.42000000000005
2018-04,moveis_cozinha_area_de_servico_jantar_e_jardim,447922.08000000037,18,163.71421052631592,58.50368421052624
2018-04,malas_acessorios,1249989.1200000008,53,152.28912280701763,27.922631578947392
2018-04,utilidades_domesticas,6383346.239999998,411,96.01904693140791,21.841256317689524
2018-04,bebes,6796975.679999988,215,199.16126582278446,28.01063291139241
2018-04,informatica_acessorios,8261409.59999999,465,109.07015209125463,18.81891634980988
2018-04,livros_tecnicos,168782.3999999999,23,50.960869565217365,17.580869565217387
2018-04,moveis_sala,726023.5199999993,24,152.78272727272713,32.10636363636365
2018-04,moveis_decoracao,8096513.2799999975,459,95.92116007961327,19.595979528006822
2018-04,construcao_ferramentas_construcao,1862471.5200000007,76,143.70922222222228,24.291222222222203
2018-04,pcs,1983588.4800000011,13,918.3280000000005,53.1126666666667
2018-04,casa_conforto,279273.6,15,107.74444444444444,18.60333333333331
2018-04,artes,308200.31999999966,26,82.31846153846145,18.567692307692308
2018-04,artigos_de_natal,37703.99999999997,9,22.126760563380266,19.99929577464789
2018-04,audio,1014490.0799999996,30,227.26032258064507,16.980322580645165
2018-04,eletrodomesticos_2,2986803.36,23,901.8126086956521,52.928260869565236
2018-04,construcao_ferramentas_seguranca,415765.44000000024,23,120.30250000000007,22.52958333333332
2018-04,cine_foto,75130.56000000003,5,104.34800000000004,19.878000000000004
2018-04,tablets_impressao_imagem,7488.0,1,52.0,18.23999999999996
2018-04,fashion_esporte,12945.599999999968,1,89.89999999999978,15.51000000000001
2018-04,relogios_presentes,12750919.679999983,463,179.24707152496603,15.106170715249666
2018-04,ferramentas_jardim,4971032.159999999,232,122.48748669426374,19.29316972205795
2018-04,construcao_ferramentas_ferramentas,191950.55999999974,16,78.41117647058813,18.76058823529412
2018-04,beleza_saude,13117929.360000003,620,132.9555801508149,19.37992945755291
2018-04,instrumentos_musicais,2790044.64,57,322.9218333333333,30.017666666666678
2018-04,cool_stuff,5047403.040000004,195,170.01492320129358,24.17583670169765
2018-04,moveis_escritorio,2870419.6800000025,86,152.55206632653073,47.58293367346946
2018-04,papelaria,1621936.7999999998,128,74.10164473684209,16.81967105263158
2018-04,sinalizacao_e_seguranca,320011.19999999984,22,61.730555555555526,20.249444444444414
2018-04,telefonia_fixa,276759.35999999987,10,174.7218181818181,18.703636363636356
2018-04,consoles_games,793591.1999999997,37,137.77624999999995,18.611000000000004
2018-04,alimentos,239821.91999999993,36,41.63574999999999,13.863999999999992
2018-04,musica,244347.84000000017,5,339.37200000000024,29.039999999999974
2018-04,moveis_quarto,187473.59999999998,6,185.98571428571427,44.3957142857143
2018-04,artes_e_artesanato,2302.5599999999977,1,15.989999999999984,18.230000000000015
2018-05,beleza_saude,13615358.15999999,670,125.90026409232127,18.281555703506438
2018-05,automotivo,5880205.200000002,296,132.58038419913424,23.466282467532473
2018-05,cama_mesa_banho,10262170.080000006,600,96.3041486486487,18.07793243243243
2018-05,ferramentas_jardim,5428913.759999997,227,130.90552083333327,18.064895833333335
2018-05,musica,104975.99999999997,5,145.79999999999995,19.679999999999975
2018-05,construcao_ferramentas_construcao,2987798.4000000004,89,165.98880000000003,22.653919999999978
2018-05,telefonia_fixa,265852.80000000005,11,115.38750000000002,16.730624999999925
2018-05,unknown,445973.76,37,73.73904761904762,21.072142857142847
2018-05,construcao_ferramentas_jardim,154552.31999999986,13,67.07999999999994,20.66062499999998
2018-05,climatizacao,266587.2,13,132.2357142857143,27.146428571428537
2018-05,alimentos_bebidas,178479.36000000013,15,49.57760000000004,17.41200000000001
2018-05,dvds_blu_ray,63351.35999999985,6,62.848571428571276,17.174285714285727
2018-05,informatica_acessorios,7290983.519999996,399,111.77004415011031,18.580264900662243
2018-05,relogios_presentes,17188031.51999999,586,190.97812799999988,13.784786666666673
2018-05,instrumentos_musicais,2711818.0799999996,60,307.8812534059945,29.163542234332404
2018-05,perfumaria,3524180.8800000027,179,124.54696352841401,15.912120441051744
2018-05,utilidades_domesticas,9046738.07999999,492,101.65788025889957,21.702378640776693
2018-05,livros_interesse_geral,853218.7199999997,48,118.50259999999996,17.3746
2018-05,cool_stuff,4308929.280000003,168,171.15225929456636,22.172535748331757
2018-05,moveis_escritorio,3000365.280000002,82,200.34490384615398,41.292692307692356
2018-05,fashion_calcados,227908.8000000001,10,158.27000000000007,20.58700000000004
2018-05,moveis_sala,391835.5199999998,13,170.0674999999999,41.81375000000001
2018-05,livros_importados,59172.479999999916,9,41.09199999999994,11.479000000000006
2018-05,moveis_cozinha_area_de_servico_jantar_e_jardim,332652.9599999994,10,177.69923076923044,42.39923076923077
2018-05,pcs,1252788.4799999967,6,669.2246153846137,35.49461538461527
2018-05,bebidas,360862.5599999999,33,53.31893617021275,16.145744680851045
2018-05,alimentos,222181.92000000013,36,35.06659090909093,12.194318181818165
2018-05,portateis_casa_forno_e_cafe,1463270.3999999987,9,1129.0666666666657,34.771111111111125
2018-05,agro_industria_e_comercio,472284.0000000001,8,409.9687500000001,19.18375
2018-05,sinalizacao_e_seguranca,98424.00000000019,6,97.64285714285732,25.641428571428595
2018-05,papelaria,1860968.1599999992,124,99.41069230769227,18.83784615384615
2018-05,eletronicos,2329457.760000001,219,70.02939393939397,17.02926406926406
2018-05,eletrodomesticos,885552.4799999999,63,96.08859374999999,19.230312500000004
2018-05,moveis_decoracao,7732552.799999993,456,89.97199106394854,18.986489807316385
2018-05,pet_shop,1707594.24,128,87.08660954712363,17.471285189718483
2018-05,bebes,4788525.599999998,218,139.13661087866103,22.17075313807531
2018-05,livros_tecnicos,437836.3200000007,54,55.282363636363726,15.437454545454548
2018-05,artes,358843.6799999995,33,73.29323529411755,15.58558823529411
2018-05,cine_foto,303593.76000000036,16,124.01705882352955,16.05823529411764
2018-05,casa_conforto,390052.80000000016,18,128.98571428571435,18.886666666666677
2018-05,tablets_impressao_imagem,7185.599999999983,1,49.899999999999885,8.289999999999983
2018-05,artes_e_artesanato,12931.199999999973,1,89.79999999999981,11.25
2018-05,fashion_underwear_e_moda_praia,31063.19999999993,6,34.981081081081,15.436486486486451
2018-05,portateis_cozinha_e_preparadores_de_alimentos,281952.0,2,979.0,44.20500000000003
2018-05,fashion_roupa_masculina,18718.560000000005,1,129.99000000000004,19.880000000000067
2018-05,flores,2361.6000000000063,1,16.400000000000045,19.32000000000003
2018-05,consoles_games,760214.8800000004,38,101.52442307692313,19.04615384615383
2018-05,malas_acessorios,953058.2400000012,44,135.07061224489811,33.20469387755104
2018-05,esporte_lazer,8526228.479999997,449,121.08368098159505,18.65325153374234
2018-05,fashion_bolsas_e_acessorios,1654584.48,104,104.4560909090909,15.161272727272724
2018-05,casa_construcao,1462360.3200000012,63,128.54784810126594,16.46518987341773
2018-05,brinquedos,4541531.040000002,211,144.6716055045872,21.177155963302752
2018-05,telefonia,2727976.320000002,237,75.77712000000005,16.62672
2018-05,market_place,137872.79999999978,13,68.3892857142856,16.38142857142859
2018-05,eletrodomesticos_2,2079538.5599999996,23,627.8799999999999,50.28652173913044
2018-05,industria_comercio_e_negocios,544462.5599999999,34,94.52474999999998,26.873750000000022
2018-05,construcao_ferramentas_seguranca,870481.44,21,274.7731818181818,22.09863636363637
2018-05,eletroportateis,1529422.5599999994,39,221.2706249999999,18.465416666666666
2018-05,artigos_de_natal,75532.31999999988,6,87.42166666666652,24.701666666666668
2018-05,construcao_ferramentas_iluminacao,627092.6400000001,30,114.60026315789476,19.734210526315795
2018-05,audio,388465.92000000016,20,128.46095238095242,16.517142857142858
2018-05,construcao_ferramentas_ferramentas,60177.599999999984,5,83.57999999999998,17.671999999999958
2018-05,moveis_quarto,213837.12000000014,5,247.49666666666684,55.321666666666594
2018-05,artigos_de_festas,14500.799999999981,3,25.17499999999997,17.43500000000006
2018-05,fraldas_higiene,16848.0,3,39.0,14.216666666666688
2018-06,moveis_escritorio,1746083.5200000023,59,159.5471052631581,49.8202631578947
2018-06,cama_mesa_banho,10203419.520000005,649,92.74486910994769,21.227054973821986
2018-06,ferramentas_jardim,2587010.8800000027,149,97.46122965641963,27.64696202531645
2018-06,utilidades_domesticas,8051415.839999993,464,96.90227036395139,23.1387521663778
2018-06,eletronicos,1391937.8399999999,175,50.56443766346992,17.17344376634698
2018-06,informatica_acessorios,6021026.639999997,354,104.18443106312287,21.75457641196012
2018-06,pet_shop,2785240.3200000003,151,108.76446110590442,22.077938144329888
2018-06,brinquedos,3037672.8000000003,176,111.02605263157896,21.381894736842106
2018-06,consoles_games,994033.4400000001,41,160.53511627906977,17.186511627906967
2018-06,fashion_bolsas_e_acessorios,1133272.7999999993,82,90.4591954022988,17.452988505747125
2018-06,livros_tecnicos,251629.91999999987,26,67.20884615384612,16.81384615384616
2018-06,unknown,343746.7200000001,22,103.78826086956525,18.1986956521739
2018-06,telefonia_fixa,299566.07999999996,15,122.37176470588234,20.129411764705857
2018-06,agro_industria_e_comercio,506275.20000000007,10,351.58000000000004,32.72499999999997
2018-06,portateis_casa_forno_e_cafe,503856.0,3,1166.3333333333333,57.70999999999997
2018-06,musica,15707.520000000033,3,36.36000000000008,20.159999999999997
2018-06,moveis_quarto,224638.55999999997,8,173.33222222222219,42.425555555555604
2018-06,moveis_decoracao,6054079.679999995,316,104.58263681592031,25.55634328358208
2018-06,industria_comercio_e_negocios,375825.60000000003,21,100.38076923076925,35.53923076923073
2018-06,beleza_saude,15363463.679999992,790,121.95548104400832,19.5531529815203
2018-06,moveis_sala,512369.28000000026,28,121.99268571428577,34.06485714285715
2018-06,instrumentos_musicais,2318820.48,46,343.83459074733094,38.19871886120996
2018-06,malas_acessorios,730206.7200000003,36,140.85777777777784,29.662222222222198
2018-06,relogios_presentes,12242098.079999993,444,178.2899056274029,18.560884306186647
2018-06,papelaria,1851707.5199999996,145,77.00047904191615,18.96389221556886
2018-06,sinalizacao_e_seguranca,844297.9200000063,18,217.15481481481643,39.91037037037014
2018-06,livros_interesse_geral,471670.55999999976,32,86.19710526315785,15.884473684210528
2018-06,audio,263619.36,19,91.5345,19.884999999999994
2018-06,alimentos,197449.92000000004,24,57.132500000000014,13.43375
2018-06,construcao_ferramentas_seguranca,369413.28000000026,16,160.3356250000001,25.469375
2018-06,fraldas_higiene,46224.0,7,45.857142857142854,15.242857142857144
2018-06,fashion_calcados,177203.52000000002,10,123.058,21.959999999999987
2018-06,artigos_de_natal,44091.35999999996,6,43.74142857142853,24.359999999999975
2018-06,construcao_ferramentas_ferramentas,75888.0,4,131.75,24.20249999999997
2018-06,casa_construcao,1309620.9600000004,60,128.0928169014085,25.945633802816882
2018-06,bebes,4399246.080000006,205,136.9969506726459,28.025560538116583
2018-06,telefonia,3264459.84,202,104.95305555555555,17.21194444444445
2018-06,casa_conforto,343654.55999999994,16,149.155625,19.715624999999992
2018-06,automotivo,6473655.359999998,268,152.47916336913505,23.434765404183146
2018-06,construcao_ferramentas_construcao,3304471.6800000025,108,203.07716814159306,21.457787610619466
2018-06,esporte_lazer,6467905.439999996,371,107.19811455847248,21.127589498806685
2018-06,market_place,80130.24000000002,7,79.49428571428574,17.475714285714304
2018-06,bebidas,225658.07999999993,30,47.48696969696968,14.737272727272723
2018-06,moveis_cozinha_area_de_servico_jantar_e_jardim,509533.9199999982,21,122.01482758620647,34.37206896551715
2018-06,construcao_ferramentas_iluminacao,660011.0400000005,35,104.16840909090917,21.708636363636362
2018-06,artigos_de_festas,12211.199999999979,2,42.39999999999993,13.789999999999976
2018-06,eletrodomesticos_2,1197031.6800000002,18,437.5115789473685,42.09578947368415
2018-06,construcao_ferramentas_jardim,115119.35999999986,11,72.67636363636355,24.37818181818182
2018-06,alimentos_bebidas,42314.399999999965,9,26.71363636363634,19.905454545454504
2018-06,fashion_underwear_e_moda_praia,17421.600000000006,3,17.704878048780493,15.41390243902419
2018-06,casa_conforto_2,3715.2000000000176,1,12.90000000000006,12.78999999999997
2018-06,flores,15552.0,1,54.0,16.34999999999999
2018-06,cool_stuff,2781557.2800000017,100,187.5375728155341,26.30747572815535
2018-06,eletrodomesticos,839574.7200000002,65,89.69815384615387,20.182000000000002
2018-06,climatizacao,513777.60000000003,9,237.86,35.00266666666685
2018-06,dvds_blu_ray,55134.71999999995,5,63.813333333333276,20.358333333333356
2018-06,perfumaria,3882805.9200000046,166,144.96736559139802,19.52059139784948
2018-06,artes,360020.15999999957,28,89.29071428571417,18.537142857142868
2018-06,eletroportateis,2222154.72,43,314.93122448979597,22.845714285714276
2018-06,livros_importados,67416.48000000008,9,52.01888888888895,15.33222222222222
2018-06,tablets_impressao_imagem,7200.0,1,50.0,22.849999999999945
2018-06,cine_foto,62762.400000000154,9,33.52692307692316,13.346923076923018
2018-06,fashion_roupa_masculina,64483.19999999997,6,63.97142857142854,15.23285714285713
2018-06,pcs,1890288.0,8,1009.7692307692307,56.99000000000013
2018-06,fashion_roupa_infanto_juvenil,12958.559999999974,1,89.98999999999982,7.490000000000007
2018-07,relogios_presentes,13710183.359999985,509,182.62712276214813,18.689824168797962
2018-07,eletrodomesticos,744916.32,78,66.32089743589744,15.796538461538459
2018-07,casa_construcao,964836.0000000003,57,111.67083333333338,24.989333333333317
2018-07,brinquedos,2451168.0000000023,148,110.53246753246763,21.68077922077922
2018-07,construcao_ferramentas_iluminacao,1045647.8400000003,41,131.6273716012085,25.130483383685796
2018-07,casa_conforto,418533.11999999965,23,126.36869565217381,24.392173913043454
2018-07,construcao_ferramentas_construcao,2194195.6800000006,98,132.49973913043482,20.456347826086965
2018-07,moveis_cozinha_area_de_servico_jantar_e_jardim,538120.7999999996,20,169.8613636363635,35.942272727272766
2018-07,livros_importados,51521.75999999995,5,51.112857142857095,15.178571428571395
2018-07,artigos_de_natal,73376.63999999998,8,63.694999999999986,19.01249999999999
2018-07,fashion_underwear_e_moda_praia,15811.19999999996,2,54.899999999999864,15.76499999999998
2018-07,casa_conforto_2,5572.800000000022,2,12.90000000000005,15.580000000000028
2018-07,cool_stuff,3045889.4400000027,113,183.9305217391306,28.291913043478257
2018-07,cama_mesa_banho,7835622.719999995,512,88.16750742641096,21.79908182554687
2018-07,malas_acessorios,838327.6799999998,53,107.80962962962961,25.395740740740724
2018-07,moveis_decoracao,6536676.959999996,343,104.11373853211003,26.603555045871573
2018-07,alimentos,486456.48000000033,59,52.78390625000004,15.98828125
2018-07,agro_industria_e_comercio,960454.0800000002,26,247.0303703703704,31.50037037037039
2018-07,telefonia_fixa,1341992.16,8,847.2172727272726,30.7990909090908
2018-07,fashion_roupa_masculina,30052.79999999998,5,41.739999999999974,17.39599999999999
2018-07,perfumaria,2978537.2800000017,169,103.85415899581595,15.978117154811716
2018-07,livros_tecnicos,287269.9199999997,26,76.72807692307684,17.93307692307694
2018-07,unknown,664128.0000000006,42,98.12765957446817,22.420851063829783
2018-07,sinalizacao_e_seguranca,545067.3600000001,19,130.5237931034483,81.06896551724206
2018-07,moveis_quarto,199713.6000000001,7,138.69000000000005,45.18699999999999
2018-07,audio,297020.16000000015,21,93.75636363636369,15.74363636363636
2018-07,artes,265420.7999999995,21,87.77142857142842,20.120476190476197
2018-07,eletrodomesticos_2,1814014.0799999982,22,547.7095652173907,51.08043478260868
2018-07,construcao_ferramentas_ferramentas,792172.8,10,458.43333333333334,23.1875
2018-07,flores,6910.559999999994,2,23.99499999999998,17.685000000000016
2018-07,artigos_de_festas,8280.0,2,28.75,13.430000000000014
2018-07,pc_gamer,63072.0,1,219.0,9.690000000000044
2018-07,dvds_blu_ray,12094.559999999974,1,83.98999999999982,12.890000000000038
2018-07,fashion_bolsas_e_acessorios,874951.6799999994,75,81.92431460674152,16.21948314606742
2018-07,bebes,3150113.2800000026,207,102.14375097276273,23.63729182879378
2018-07,papelaria,2479275.360000001,168,90.61678947368424,22.285473684210512
2018-07,beleza_saude,14917466.64,704,134.2754612227263,21.683488874486915
2018-07,informatica_acessorios,5912207.279999999,381,98.3008659217877,20.197430167597773
2018-07,eletronicos,1338374.640000001,143,61.55144591611484,16.380618101545263
2018-07,moveis_escritorio,1904440.3200000024,62,165.3160000000002,43.843125
2018-07,pet_shop,2785514.3999999994,138,122.4294303797468,23.139683544303807
2018-07,telefonia,3814945.920000002,202,119.87638009049779,17.985565610859723
2018-07,instrumentos_musicais,1133557.92,32,218.6647222222222,39.93166666666663
2018-07,alimentos_bebidas,112137.11999999986,14,45.80764705882348,20.1664705882353
2018-07,consoles_games,1226751.8399999996,49,173.85938775510198,20.816938775510206
2018-07,artes_e_artesanato,94258.07999999994,10,59.5063636363636,13.639090909090914
2018-07,portateis_casa_forno_e_cafe,676752.48,14,313.3113333333333,31.445999999999934
2018-07,cine_foto,169709.76000000015,7,168.3628571428573,16.15285714285717
2018-07,portateis_cozinha_e_preparadores_de_alimentos,24772.320000000007,7,21.503750000000007,13.00625000000003
2018-07,pcs,1618416.0,8,1404.875,88.55999999999989
2018-07,fashion_calcados,118107.36000000018,5,164.03800000000024,33.05000000000002
2018-07,moveis_colchao_e_estofado,18705.599999999995,1,129.89999999999998,11.930000000000014
2018-07,utilidades_domesticas,9014555.279999994,464,110.92925871234488,25.455744240992303
2018-07,climatizacao,382731.8400000001,15,156.34470588235297,28.21117647058825
2018-07,automotivo,6259217.759999998,324,127.46859237536653,21.39756598240469
2018-07,esporte_lazer,7778288.1599999955,410,117.4258478260869,22.449130434782592
2018-07,ferramentas_jardim,3689747.520000002,152,145.03724528301893,27.529603773584892
2018-07,construcao_ferramentas_jardim,276863.04000000004,19,87.39363636363638,27.155909090909084
2018-07,moveis_sala,963380.1600000001,49,124.2750464396285,37.85780185758514
2018-07,industria_comercio_e_negocios,676398.24,13,335.515,64.04928571428579
2018-07,construcao_ferramentas_seguranca,272008.8,15,125.92999999999999,16.929999999999982
2018-07,eletroportateis,1175234.3999999987,35,194.31785714285692,24.291904761904764
2018-07,livros_interesse_geral,588230.4,26,162.31523178807947,16.729470198675497
2018-07,bebidas,181692.23999999996,17,78.04649484536081,17.234329896907212
2018-07,musica,122299.19999999998,3,283.09999999999997,14.66
2018-07,fraldas_higiene,17424.0,3,40.333333333333336,25.630000000000056
2018-07,market_place,26896.319999999927,4,46.69499999999987,22.639999999999983
2018-08,construcao_ferramentas_construcao,3300071.0399999996,124,141.46395061728393,18.567222222222238
2018-08,moveis_decoracao,5928271.200000001,341,95.74081395348838,24.545348837209296
2018-08,fashion_bolsas_e_acessorios,1169646.7199999997,121,64.55003973509932,14.628278145695356
2018-08,eletrodomesticos,927914.3999999996,62,102.28333333333329,20.667936507936513
2018-08,dvds_blu_ray,1281.6000000000008,1,8.900000000000006,7.389999999999993
2018-08,audio,297993.6000000001,24,79.59230769230771,15.373076923076896
2018-08,construcao_ferramentas_seguranca,571711.6800000002,21,158.80880000000005,20.658399999999986
2018-08,livros_interesse_geral,224250.71999999974,34,43.45944186046506,14.229627906976763
2018-08,agro_industria_e_comercio,723036.9600000002,14,278.9494444444445,29.036111111111136
2018-08,construcao_ferramentas_jardim,531181.4399999996,19,160.38086956521727,26.336086956521715
2018-08,eletrodomesticos_2,1084717.4400000004,14,538.0542857142859,51.12571428571428
2018-08,instrumentos_musicais,1514784.959999999,39,256.56926829268275,28.929512195121955
2018-08,sinalizacao_e_seguranca,262884.9600000003,16,82.98136363636374,15.139999999999992
2018-08,fashion_roupa_masculina,54963.35999999991,3,127.2299999999998,28.429999999999936
2018-08,fashion_esporte,10065.599999999973,1,69.8999999999998,13.150000000000034
2018-08,fashion_roupa_feminina,18715.679999999928,2,43.32333333333317,13.053333333333297
2018-08,portateis_cozinha_e_preparadores_de_alimentos,259718.40000000014,4,450.90000000000026,25.490000000000023
2018-08,esporte_lazer,7323865.919999997,432,107.9833970276008,18.705456475583873
2018-08,automotivo,6484691.519999996,345,121.7096756756756,20.572351351351337
2018-08,informatica_acessorios,5767580.160000001,380,96.51238554216869,18.87763855421687
2018-08,alimentos,1177081.9199999983,102,71.07982608695642,12.14739130434783
2018-08,relogios_presentes,10040003.039999995,387,169.77818993506486,17.13765016233767
2018-08,ferramentas_jardim,2349316.8000000007,120,119.96102941176474,28.84845588235293
2018-08,utilidades_domesticas,8459363.76,549,95.41783703302653,22.402406605305906
2018-08,fraldas_higiene,33392.15999999996,3,77.29666666666657,15.01333333333333
2018-08,casa_conforto,322744.32000000007,15,140.08000000000004,20.66249999999999
2018-08,artigos_de_natal,76229.27999999998,10,52.93699999999999,19.898999999999994
2018-08,construcao_ferramentas_ferramentas,180830.88,14,89.69785714285715,17.233571428571437
2018-08,pc_gamer,31536.0,1,219.0,19.630000000000067
2018-08,cama_mesa_banho,8767047.36,555,92.97369305166708,21.545090353779585
2018-08,consoles_games,630908.6400000006,53,74.2594915254238,16.12305084745766
2018-08,brinquedos,2437020.000000001,151,102.56818181818186,19.804848484848492
2018-08,telefonia,5266499.039999997,240,134.95538745387447,17.913616236162344
2018-08,beleza_saude,17182326.479999997,765,143.15742251549688,19.466716656668662
2018-08,perfumaria,3571404.9600000014,203,113.8550420811018,16.34998469778117
2018-08,market_place,136694.8799999998,8,118.65874999999983,19.837499999999963
2018-08,cool_stuff,2274464.1600000006,116,132.7301680672269,22.392352941176462
2018-08,industria_comercio_e_negocios,340515.3599999999,9,236.46899999999994,37.93600000000006
2018-08,moveis_escritorio,973277.2799999998,24,225.29566666666662,54.26000000000003
2018-08,moveis_cozinha_area_de_servico_jantar_e_jardim,289651.6799999998,19,100.57349999999994,28.90449999999997
2018-08,malas_acessorios,950363.9999999993,62,103.12109374999993,21.626718749999995
2018-08,musica,71684.63999999994,6,82.96833333333326,14.13333333333331
2018-08,artigos_de_festas,185081.76000000007,14,91.80642857142861,21.79499999999999
2018-08,moveis_quarto,316368.0,10,183.08333333333334,51.90666666666669
2018-08,bebidas,204721.68,24,52.981801242236024,14.985403726708066
2018-08,portateis_casa_forno_e_cafe,431527.68,17,176.27764705882353,23.2005882352941
2018-08,fashion_underwear_e_moda_praia,23040.0,1,160.0,13.779999999999978
2018-08,bebes,3056386.0800000024,201,100.19623918174673,22.12527143981118
2018-08,eletronicos,1542900.479999999,114,90.16482468443192,18.37208976157082
2018-08,pet_shop,3543562.080000001,166,124.28318181818186,19.61813131313131
2018-08,eletroportateis,888200.64,23,268.17652173913046,29.262173913043473
2018-08,unknown,316663.20000000036,29,70.93709677419363,15.864193548387096
2018-08,pcs,1254456.0,10,725.9583333333334,43.06250000000003
2018-08,papelaria,2224173.6000000006,158,91.39437869822487,20.138875739644973
2018-08,construcao_ferramentas_iluminacao,1180900.3200000008,56,132.62582210242596,27.032102425875976
2018-08,alimentos_bebidas,148119.8399999999,16,48.981428571428545,14.846666666666652
2018-08,climatizacao,512193.6000000001,17,169.37619047619052,21.472380952380924
2018-08,cine_foto,85721.76000000005,8,66.14333333333337,13.902222222222239
2018-08,moveis_sala,752160.9600000004,38,130.58350000000007,36.673750000000005
2018-08,casa_construcao,905207.0399999999,44,130.96166666666664,26.05937500000002
2018-08,fashion_calcados,67867.20000000016,3,157.10000000000036,35.30333333333328
2018-08,livros_tecnicos,213665.7599999999,28,51.16517241379308,13.020344827586205
2018-08,telefonia_fixa,392280.4800000007,10,272.4170000000005,16.684999999999977
2018-08,artes_e_artesanato,129853.44,9,100.19555555555556,18.587777777777774
2018-08,artes,213320.15999999965,18,82.2994444444443,16.361666666666657
2018-08,livros_importados,107856.0,1,749.0,55.96000000000003
